path	frozen_at_commit	git_blob_sha1	blob_sha256	size_bytes	evidence_role
goal-biological-topk.md	7fae3de6b13780d7cc0776038489cf2f22072339	3e8cede04f360ec626d5febd3a3cadeed1d4c2f0	1cd5e5a023d53655641ba831142f489011111fd2c166d895b2a851b0f513f6c3	115676	immutable_predecessor_validation_evidence
paper/biological_topk/PROGRAM_STATE.json	7fae3de6b13780d7cc0776038489cf2f22072339	2020acf7dce301e68a49a79f5864a609f0303cea	8c626090b68e9699a30ec3ee7ce3b0b448791d39fa9ede4d1af682236235ff63	1090	immutable_predecessor_validation_evidence
paper/biological_topk/STATUS.md	7fae3de6b13780d7cc0776038489cf2f22072339	6a63be82c0e6379fd5511c3772120b975b009cbb	caedd26ae24103b846d714b1a3f883110ab1f85495b9b771ab67296c5273d512	8029	immutable_predecessor_validation_evidence
paper/biological_topk/claim_ledger.tsv	7fae3de6b13780d7cc0776038489cf2f22072339	54dc70cf2b0e1efee366bee724c7bab8b35b639b	e5a7628085ecabd9ef1a1f76cce9d53111220f422e406fb48d48ee9bec263b8e	4208	immutable_predecessor_validation_evidence
paper/biological_topk/concordance_power_plan.json	7fae3de6b13780d7cc0776038489cf2f22072339	78a8596fc2bb6af56bdce80c3265ea0d8996f268	b3c8b7ca610bf86336e902a706340a51bd1975e2c8922220bc2f64d1abbdd903	2849	immutable_predecessor_validation_evidence
paper/biological_topk/contract_spec.json	7fae3de6b13780d7cc0776038489cf2f22072339	ecef1469992b4706c32ea555ac258c2586776708	c396f346a0fa00fb0b746f9582100eb46d22fbe892c8fa3053a6caa3d5342af9	5428	immutable_predecessor_validation_evidence
paper/biological_topk/coordinate_golden_fixtures.tsv	7fae3de6b13780d7cc0776038489cf2f22072339	8d7e1ca5cabd4c479f51f00efd531bd5f7dcaaad	50c28f42fc9a429c711b89cc96a92340fd8c2abb52c3f60f417fc4a886e6e7b5	3546	immutable_predecessor_validation_evidence
paper/biological_topk/epoch_receipt.json	7fae3de6b13780d7cc0776038489cf2f22072339	3923d5dfb090f64358affd9a8544ee4e16e5bfcd	bacd2661347d6ef691052461cfdcd90e92f0d2e69a370e9f747c35c690165855	2989	immutable_predecessor_validation_evidence
paper/biological_topk/experimental_power_simulation_plan.json	7fae3de6b13780d7cc0776038489cf2f22072339	afc333531afde4279a6d88caa3aace30358019da	e96f7d056f98d92d3d09e79033a7f312ed9054057f7963f71d18d82ff079abc4	1973	immutable_predecessor_validation_evidence
paper/biological_topk/fresh_budget_projection_plan.json	7fae3de6b13780d7cc0776038489cf2f22072339	35d5d5db679b2919c99a68d73dd289bf675ef27d	ad56983d725c4ed0d3a39243d3fee16d1ff57cf2a41d7936e1f8ec81558c6bec	1063	immutable_predecessor_validation_evidence
paper/biological_topk/fresh_holdout_actual_resources.json	7fae3de6b13780d7cc0776038489cf2f22072339	a0dab527ea2ada498c83c7fb52a263da75831e1a	4314edcdc1861553821c4225e4980a88cebf836f7ae4c6142ccaabfb2824b08f	1616	immutable_predecessor_validation_evidence
paper/biological_topk/fresh_holdout_attempt_plan.tsv	7fae3de6b13780d7cc0776038489cf2f22072339	fd3df045fbeb6f5b59684aa3bb3778d8760dd021	fc8aaf41f4566fca2805a82067a30c90a5f7e38f5e1d87ff44efad0f14811d36	523145	immutable_predecessor_validation_evidence
paper/biological_topk/fresh_holdout_decision.json	7fae3de6b13780d7cc0776038489cf2f22072339	ed566a40fe7d697eda0cf9e73d6c07da842e71d3	d96fd8a0a8d7d86e7cfcbdd9e44a76affdaa8d175e609ace5ebd91a2ab5b398c	2058	immutable_predecessor_validation_evidence
paper/biological_topk/fresh_holdout_infrastructure_incident.json	7fae3de6b13780d7cc0776038489cf2f22072339	3ad3eb5eb580ed31a6c12036185befbd15c6a381	ef3cdd701b1832b0ed2c638f0f9507da7c3c29486dcc13f28bab7688507afefe	3782	immutable_predecessor_validation_evidence
paper/biological_topk/fresh_holdout_manifest.sha256	7fae3de6b13780d7cc0776038489cf2f22072339	245925578bdf7c25fdd069e3f632abbe90a88d28	e8e6dd20c5b6326d66365afc9ea7ca1ef7d84793bf93cc8bf6e2f6ea5f997005	93	immutable_predecessor_validation_evidence
paper/biological_topk/fresh_holdout_manifest.tsv	7fae3de6b13780d7cc0776038489cf2f22072339	447c5278de96e1b1af0dbf0fd252ef0bd2455758	cf26e6d3bfc3180335128d699e30a1e49a8429bf346d2ed3560366af4b0eb865	156006	immutable_predecessor_validation_evidence
paper/biological_topk/fresh_holdout_plan.json	7fae3de6b13780d7cc0776038489cf2f22072339	f7436064e87c675b800bbcc12bfbbab3598ffefa	db85ed664299b6c5051ecd6a4640e4299405ecd6466075765616100c0a6794c8	6162	immutable_predecessor_validation_evidence
paper/biological_topk/fresh_holdout_receipt.json	7fae3de6b13780d7cc0776038489cf2f22072339	f85a5d490db3712f6b686f50f8a7f5013853ed46	4b3c404a60853713e7823ea37c7695a03a1889b7c1a51ef13a413d61236cf4c6	19499	immutable_predecessor_validation_evidence
paper/biological_topk/fresh_holdout_repair1_attempt_plan.sha256	7fae3de6b13780d7cc0776038489cf2f22072339	11ac121b3dc7ce6593d9fc9f2a374b79f58e1ca4	fc0ce3d2a7cdbe6e545e040937e203b15335b514e83045f4bb15a6ae3b613c8b	105	immutable_predecessor_validation_evidence
paper/biological_topk/fresh_holdout_repair1_attempt_plan.tsv	7fae3de6b13780d7cc0776038489cf2f22072339	ec0ad0d67e64be3e49756865d966e421a6fdcdef	8b881fa4ab99c9238a9031bd42b957f68960ebd03368ef3894b0654902e68f0c	579891	immutable_predecessor_validation_evidence
paper/biological_topk/fresh_holdout_repair1_plan.json	7fae3de6b13780d7cc0776038489cf2f22072339	84be94f34fbc8108863413494a98ccff26448852	7860eee923a3c88469236ed7578677b5d123ff065f13769392caf36b4b7c7fd9	2612	immutable_predecessor_validation_evidence
paper/biological_topk/fresh_holdout_resource_decision.json	7fae3de6b13780d7cc0776038489cf2f22072339	10639963a43ddd2b83afce01a43fe6b2304add5c	41f191fc31aff4591defcda0002a810a8b2230313f9b898c3b81c520b9fc23b3	979	immutable_predecessor_validation_evidence
paper/biological_topk/fresh_holdout_resource_projection.json	7fae3de6b13780d7cc0776038489cf2f22072339	ebdc600b5ba238ce0b8288d836362afbc05d2856	aaa23f5c38ff6a1ab1d00064f6d90ff011bce81fb4823a51413e0a1fe0f8646c	2101	immutable_predecessor_validation_evidence
paper/biological_topk/fresh_information_feasibility.json	7fae3de6b13780d7cc0776038489cf2f22072339	90ba2bca198cf79b97297c6bb14b0dfa28efe46f	6675eaeefa92e75b9d6825d110e3e860c870cb7fac5fad39c0f7747905f5b14c	5078	immutable_predecessor_validation_evidence
paper/biological_topk/fresh_input_exclusion_registry.tsv	7fae3de6b13780d7cc0776038489cf2f22072339	4d4aea8447cb9dbd4b1f30ba69b48c09a4f4e16b	062be2d3e7706dfba5bf356e88b6df3efb22652dd652fa447a8b6ad0b3430630	599840	immutable_predecessor_validation_evidence
paper/biological_topk/historical_blob_registry.tsv	7fae3de6b13780d7cc0776038489cf2f22072339	f1d9ca3908d9ee7bb98e77c4b1a9759c2cd6b526	48fe41bc69834e14a8ec4b081682c788d04b681a307cf2242ed5f0ee25143c73	6153	immutable_predecessor_validation_evidence
paper/biological_topk/joint_information_model.json	7fae3de6b13780d7cc0776038489cf2f22072339	6572e04caa733033c87eccb8dd80d610057bad76	20de2f857c5cc0b677ba626987256641244120955221d4109ff5c4117e1b1a33	46430	immutable_predecessor_validation_evidence
paper/biological_topk/joint_information_simulation.json	7fae3de6b13780d7cc0776038489cf2f22072339	10c80203c00032a0177f39b774d92b6d4292b4d8	42485b4cf741967fbec0d2a21120a4859d821af68dad6c7256b83c197ac49bae	354037	immutable_predecessor_validation_evidence
paper/biological_topk/legacy_clustering_fixtures.tsv	7fae3de6b13780d7cc0776038489cf2f22072339	70fc5faed645e27ad3715b3640185308d0eda25b	e4d711c8a18db911e37caadfdb4e19ef3c900e054cd2ab51feae65af6d51f31b	1360	immutable_predecessor_validation_evidence
paper/biological_topk/operating_envelope.json	7fae3de6b13780d7cc0776038489cf2f22072339	e7e7146a2c3b2ed544c2226c5ce2be62771f37ce	43a1a031b6ce0543c1f55a4ecdfec0bcc5b13cda93be41990bd0d3f89bbbca41	2191	immutable_predecessor_validation_evidence
paper/biological_topk/owner_storage_quota_approval.json	7fae3de6b13780d7cc0776038489cf2f22072339	636c5c7ed3f28bf2a221e197170a17da9f9f9ff6	25bddcfe69856003724256ef292b2c404e289a5246f50d219228b7091f6190c5	638	immutable_predecessor_validation_evidence
paper/biological_topk/phase2_comparator_freeze.json	7fae3de6b13780d7cc0776038489cf2f22072339	4eb50678d0e3245ee73d591a850872ca35edf3bf	37962f8faa77722942af17d06a55513ae11c734db2e618f5543eb2db0f6fd81e	2055	immutable_predecessor_validation_evidence
paper/biological_topk/phase2_known_cases.json	7fae3de6b13780d7cc0776038489cf2f22072339	90e96d7b133725a147124c6c85462e82abbe53a8	0ad4ef0531cc4610f04dfe134e464e05bca76c8cf64a6d43b4769e910ce8a9fb	761	immutable_predecessor_validation_evidence
paper/biological_topk/phase2_regression_details.tsv	7fae3de6b13780d7cc0776038489cf2f22072339	09b43081fd5625009b68120367e7372129c86cd2	9e028787f07e7ceca2bd2f5ad526c10209327fcdb87c8488ea7930ec898870d5	701624	immutable_predecessor_validation_evidence
paper/biological_topk/phase2_regression_manifest.tsv	7fae3de6b13780d7cc0776038489cf2f22072339	44f5139e18c46e140c6e8310ca7aaa7e7cb7df51	973af60d11431c1a5641b848b850f7456907fe6c8cc9973021ff1a77efb447f9	310737	immutable_predecessor_validation_evidence
paper/biological_topk/phase2_regression_receipt.json	7fae3de6b13780d7cc0776038489cf2f22072339	e278cf9e30766bf227541df3d4c3aae3346e7fa2	265296f4b90076cd75375702b102b1faf646f23309bcbee8226990dffb3048f9	1473	immutable_predecessor_validation_evidence
paper/biological_topk/phase2_regression_results.tsv	7fae3de6b13780d7cc0776038489cf2f22072339	53c5293616f37f11a3ba9b0d52cb4bead2b697ed	25044573fdaee7383a1ecc2543435d698093d0c681553f6c9b0bdc0891eabe09	94563	immutable_predecessor_validation_evidence
paper/biological_topk/phase_0_change_allowlist.txt	7fae3de6b13780d7cc0776038489cf2f22072339	de2552fbd5e399d752add3d37145e5097b8f4601	68e17a5ad8e1753256b28e3f3784aded90db6a9c865126e38de09740da25ffed	798	immutable_predecessor_validation_evidence
paper/biological_topk/phase_0_precommit_receipt.json	7fae3de6b13780d7cc0776038489cf2f22072339	ae8b2f2fa216d33cef59ac10464c45aa9fb7a78c	ead8327f1d30be377ff6fbf0cb2da00c600de23604d9cd54bca7c39a63048fd3	3362	immutable_predecessor_validation_evidence
paper/biological_topk/phase_0_start_receipt.json	7fae3de6b13780d7cc0776038489cf2f22072339	8050ad32902b68a137b21d494c306c58c8a91945	60b4ebd0fe512cd2621558a5bfd6c694d56be95f626d1d81d8f11a0754538585	643	immutable_predecessor_validation_evidence
paper/biological_topk/phase_1_change_allowlist.txt	7fae3de6b13780d7cc0776038489cf2f22072339	eb6f00ea68a97e832524a12d696166642caf60e9	07328dad83505939d0a0df93eb207b81e627181093564ea1d355621971126a60	2201	immutable_predecessor_validation_evidence
paper/biological_topk/phase_1_precommit_receipt.json	7fae3de6b13780d7cc0776038489cf2f22072339	402c08eea082427ba388a2de9b84e79360d6f498	086515bcfe62144bbc08ae0957d81ead0bed7dcee73726e647f014006731385d	8507	immutable_predecessor_validation_evidence
paper/biological_topk/phase_1_start_receipt.json	7fae3de6b13780d7cc0776038489cf2f22072339	62ddb01d29b0005b7299b74eae0bb960e4f58abe	33f83f1fb6450d842b9188cecf9ac65be042e84bc80900e401617fddd8303dd9	615	immutable_predecessor_validation_evidence
paper/biological_topk/phase_2_change_allowlist.txt	7fae3de6b13780d7cc0776038489cf2f22072339	a41b00b67454ae356499e47c60a12e2b5275cfdd	2e040605a6e798783a347d78245548f5c9376a839fa24ca22a542dec658ce1ae	1025	immutable_predecessor_validation_evidence
paper/biological_topk/phase_2_precommit_receipt.json	7fae3de6b13780d7cc0776038489cf2f22072339	28dc6117e147bb9ec753585986d009fe5bd46ce3	3cd79f73c4e96ddafb8d09d33be956870c88f3af3b33afaae3ad6990ee2af1d6	4173	immutable_predecessor_validation_evidence
paper/biological_topk/phase_2_start_receipt.json	7fae3de6b13780d7cc0776038489cf2f22072339	a7eb9f518ab26fa3217538c2e5b60c6ff68e0eff	5473a27f50b7e42afd8735a091fc715b0c2512d081529fa1e97fceae23a8e4e3	615	immutable_predecessor_validation_evidence
paper/biological_topk/phase_3_change_allowlist.txt	7fae3de6b13780d7cc0776038489cf2f22072339	a2e47e9bbcf23e5fc796f20d05fa1b5914a47817	c9bb81354f789658cd640a581559e3905c7f517502e946a01d85f77d15da0a11	827	immutable_predecessor_validation_evidence
paper/biological_topk/phase_3_precommit_receipt.json	7fae3de6b13780d7cc0776038489cf2f22072339	047c3a8a400d617b92897947f573a55548f58694	f1cad0ceb94f04c48458396c170a946f3838b459a7cd588bd9b1f174c72e0b51	3442	immutable_predecessor_validation_evidence
paper/biological_topk/phase_3_start_receipt.json	7fae3de6b13780d7cc0776038489cf2f22072339	84806b42931461d06f2fad13e9204fa877e99d3f	d1178beed3a96f18549b518a8a9f45bfeeacf704268a6c51c7caaae550dbc6c9	615	immutable_predecessor_validation_evidence
paper/biological_topk/phase_4_change_allowlist.txt	7fae3de6b13780d7cc0776038489cf2f22072339	99cbd44587d4cea2c381ece14325584a8fabb277	4ba991a60ae451c6943c8f47c15090f2fd1d6414044a6c780e07472f3912c3f3	1321	immutable_predecessor_validation_evidence
paper/biological_topk/phase_4_precommit_receipt.json	7fae3de6b13780d7cc0776038489cf2f22072339	395b8144fa005c4c97607a9de7e755b2f3438204	d0a3d770283c2650988d6d927a6af77695c6efedc0558f5b1e6bda623a5862bb	5003	immutable_predecessor_validation_evidence
paper/biological_topk/phase_4_start_receipt.json	7fae3de6b13780d7cc0776038489cf2f22072339	0f4f2a2257d9718a98374c9252e845623075e3f0	abe0782777d2a11238fd04780d31c2191cfd4fb94bec330ff2da5f665d742b9d	615	immutable_predecessor_validation_evidence
paper/biological_topk/query_source_universe.tsv.gz	7fae3de6b13780d7cc0776038489cf2f22072339	9343052c78dbc2d9d7de88b8456d19c2e88fc07d	9c36b948292654d4c1b5777769e985f06c51eda0d496c388c4a7559de2576ae0	2403127	immutable_predecessor_validation_evidence
paper/biological_topk/resource_projection_model.json	7fae3de6b13780d7cc0776038489cf2f22072339	ca5888e1d85f0e5c3ac2a2de2865097d25b763e3	8fb81ff5de6c51015954e1891a8e5cf96001e6a7fdd182debee3b922c2672286	136132	immutable_predecessor_validation_evidence
paper/biological_topk/resource_projection_model_receipt.json	7fae3de6b13780d7cc0776038489cf2f22072339	62a2ef3b7c0d0621578d790e1f41fd0a06e1a58a	245dcd0cf5ed98d3deb148edd5f92e15659790947ca5da4cecdd5415af556b6b	1673	immutable_predecessor_validation_evidence
paper/biological_topk/sample_size_plan.json	7fae3de6b13780d7cc0776038489cf2f22072339	787795fe6d854b01424dce75aaf344c74251181f	61bb50ccbec59833e9322eba88c11d7819080e1f35c3069c82c83cdca565195e	5018	immutable_predecessor_validation_evidence
paper/biological_topk/score_integrality_audit.tsv	7fae3de6b13780d7cc0776038489cf2f22072339	12e55a974bfabc296e85ae2009b36ba7453a27f2	02ea85eb043b6c67b1857532af9e00245d3d26c24800727537b8a5430d09c7ed	709	immutable_predecessor_validation_evidence
paper/biological_topk/score_integrality_decision.json	7fae3de6b13780d7cc0776038489cf2f22072339	2bb059986beab61bc9078c9736a91a762cf0690e	9f57904ab4845fd887bdf4df59a9c0b4f2b9db26945d85af26de87ba10d27ced	769	immutable_predecessor_validation_evidence
paper/biological_topk/source_data/fresh_candidate_matches.tsv	7fae3de6b13780d7cc0776038489cf2f22072339	d197b063609b72cee580c35b1f76d4164a6bf2f3	05791776abf1b2bdae496e652718aeb851a8f3dd0ec94169a5ad17296292633f	595	immutable_predecessor_validation_evidence
paper/biological_topk/source_data/fresh_empty_workloads.tsv	7fae3de6b13780d7cc0776038489cf2f22072339	012d8f49307b562eeb9244bd110171a45a7f7b64	de1ddbfd1eabfd45769987f00bac73a76f79c7ce5b53b41718b1ea5706f396b5	202	immutable_predecessor_validation_evidence
paper/biological_topk/source_data/fresh_exact_binomial_bounds.tsv	7fae3de6b13780d7cc0776038489cf2f22072339	f11a6a7bacc166ed19c45164cc3e0a466f6b1829	c5864ffa2885e0ab6b25b745ad90266740efee875201a7442cbb5758e28b3907	709	immutable_predecessor_validation_evidence
paper/biological_topk/source_data/fresh_failure_ledger.tsv	7fae3de6b13780d7cc0776038489cf2f22072339	f7403fab9c7e04f91bd2194827a1ef1d237d80b0	462e50001c177af32ef94ffe174ec72d0b409626ff5013676ec636a17bcaa45c	39039	immutable_predecessor_validation_evidence
paper/biological_topk/source_data/fresh_rank_diagnostics.tsv	7fae3de6b13780d7cc0776038489cf2f22072339	648d6790eb9211d7c69b518df8d1c2d7140e5318	40303bf185db409c649408c284c3d21b38bcd82b23991be311b8068ee2cb2937	167	immutable_predecessor_validation_evidence
paper/biological_topk/source_data/fresh_workload_metrics.tsv	7fae3de6b13780d7cc0776038489cf2f22072339	0040ee4960ba37e49ecf42303f6b293c6eb0f50a	12f1111b3f6e26511115c4bbe2cdae47a03fc4626f9372d6debeae5b0df6043b	132019	immutable_predecessor_validation_evidence
paper/biological_topk/source_universe_receipt.json	7fae3de6b13780d7cc0776038489cf2f22072339	233cb825abb114564f5fcf891df84d5ae1f12179	c0120897c125d491b5031933010ab4fb1fe3f26e8a2b93b3483d42afd85312dd	3309	immutable_predecessor_validation_evidence
paper/biological_topk/target_source_universe.tsv.gz	7fae3de6b13780d7cc0776038489cf2f22072339	9164faac67d58ec7fd0089bb7deafa21cffaa558	59174a536aca75c177ca553ed75f3992644a2db8be5cbe3deac2d59a3b598179	180216	immutable_predecessor_validation_evidence
reproduce/biological_topk/adjudicate_fresh_holdout_repair1_budget_stop.py	7fae3de6b13780d7cc0776038489cf2f22072339	1e6e61b541de623cb52d0a457cdec81f0508bb97	913fdb760bc02662587a03f003c38df5796ea308fd213ab8f85bc70d6c166cc0	12634	immutable_predecessor_validation_evidence
reproduce/biological_topk/analyze_fresh_holdout.py	7fae3de6b13780d7cc0776038489cf2f22072339	31b5ef9d6d1c879cabc61dbf244cba016fa8a6d2	ff5e26058a9db48a5f9cf0117e04b62115cc2e309c79792a12967619d8203cef	32047	immutable_predecessor_validation_evidence
reproduce/biological_topk/analyze_fresh_holdout_repair1.py	7fae3de6b13780d7cc0776038489cf2f22072339	f6f1ec1495d69880dd2b4e07a2dc08298e29a5eb	05f68a62727d342b3abf168f3d892cb430763031351e7c21ca62f49b1c396cbe	9235	immutable_predecessor_validation_evidence
reproduce/biological_topk/build_contract_artifacts.py	7fae3de6b13780d7cc0776038489cf2f22072339	49d8beaa83069bd4be1bebabe93e23388af70b4d	ad6f809be9e776346f0caeb6f744d23efc04ee4ae061da598fd1fb48a47d8a97	34328	immutable_predecessor_validation_evidence
reproduce/biological_topk/build_exclusion_registry.py	7fae3de6b13780d7cc0776038489cf2f22072339	ecf59fda73bdb0c650644e505898748d5cb80317	8850cbdaf91de9e75d11c0e403489559c03988c9efe325bb68bec45979236557	9023	immutable_predecessor_validation_evidence
reproduce/biological_topk/build_feasibility_plan.py	7fae3de6b13780d7cc0776038489cf2f22072339	61e99bb1b34810b278b4deda2f13b22ce62aa7b2	c2aa6e5bc6a7156d5e7f1a3e7b05f40cce6286583458bd1320302a3765930691	18294	immutable_predecessor_validation_evidence
reproduce/biological_topk/build_historical_blob_registry.py	7fae3de6b13780d7cc0776038489cf2f22072339	d8dc09aa0ca22a48a5e24d4c2c20a4fe229e1ee9	edffd732c675bdf3685005f72dfddb94bdb88e42b33523d290cadd3461f8f840	4659	immutable_predecessor_validation_evidence
reproduce/biological_topk/build_information_plan.py	7fae3de6b13780d7cc0776038489cf2f22072339	119e9dcb09923c3f3ad25eeec1ae6e925616dd33	43e66aebd1b9ff26521aa2f21cede1cc4133cbefb90b86e2660085a34502b7b2	21411	immutable_predecessor_validation_evidence
reproduce/biological_topk/build_phase2_regression.py	7fae3de6b13780d7cc0776038489cf2f22072339	50675c995a7d7abb42a0fedff9a453c91536164a	f08dc31e35c806b95f9b31f1a719ab1f2292985935907d7e51e0853635cc5fca	41637	immutable_predecessor_validation_evidence
reproduce/biological_topk/build_resource_model.py	7fae3de6b13780d7cc0776038489cf2f22072339	33ba8144489d81851bc7a2f606f9ef174526de04	164963004721ac8352ca72425e5eb4ccedd9ab8f66ec8cc1ec3429a9275466a7	26474	immutable_predecessor_validation_evidence
reproduce/biological_topk/build_source_universe.py	7fae3de6b13780d7cc0776038489cf2f22072339	bdeb6b303ffad8dec2cc6c6369cac3ab46809d7d	2a32224fab90978a5481a7d65d3e91bf3c2a62f28586d8b92913212895288e12	21495	immutable_predecessor_validation_evidence
reproduce/biological_topk/canonicalize_rows.py	7fae3de6b13780d7cc0776038489cf2f22072339	68c14515bd1c2da48d9dde87e8ce658b64627e8f	d12db4fba3d1e6693a1b0edcb78bc7cb0e325bbc4b0e5623234a43bffe0b9b88	19128	immutable_predecessor_validation_evidence
reproduce/biological_topk/compare_candidate_topk.py	7fae3de6b13780d7cc0776038489cf2f22072339	e05873078f89f3392e2e82d3dfa5f2be23eb319f	b91f05161fff8d8b0076b4cb99c2a2b7ea43ae8ffbb94627c36d3a2400b00706	13187	immutable_predecessor_validation_evidence
reproduce/biological_topk/contract.py	7fae3de6b13780d7cc0776038489cf2f22072339	dedf6bfedf07e12b805f5e78183280986f6c1851	bb2c5bb5684270af1ab776278551c4cce1a7043fe3758858e011dedb79ebbb55	22535	immutable_predecessor_validation_evidence
reproduce/biological_topk/exact_binomial_bounds.py	7fae3de6b13780d7cc0776038489cf2f22072339	b1c9731b70898c97d140b6657063dd9f2cd3a4f9	c320fced436b8640590d4c47cfd2fd0b9e08088b45d6cc0a99b2eef8a22ac2c4	3468	immutable_predecessor_validation_evidence
reproduce/biological_topk/freeze_fresh_holdout.py	7fae3de6b13780d7cc0776038489cf2f22072339	2b7645b5dc545e403cde08a030f65d5af2c6cda4	6d4386226b08354cb1bbc94321bf53dcaba6ea7a206b4cf80059d8a4aad63650	53575	immutable_predecessor_validation_evidence
reproduce/biological_topk/match_candidate_sites.py	7fae3de6b13780d7cc0776038489cf2f22072339	3220fccaeb799ffab752d0823baac0894670a10f	02f107d81c077fe22a2ac128bc8d650ab1147751426de4ea2ef1a56144c81e6a	10335	immutable_predecessor_validation_evidence
reproduce/biological_topk/rank_diagnostics.py	7fae3de6b13780d7cc0776038489cf2f22072339	8d49b49827e3a2bb8f73d3127abbe8ddd778b5be	f951a074a9a236759f066704f46ff77f7d6ec082683965eda10f62f4dc8ec89d	3876	immutable_predecessor_validation_evidence
reproduce/biological_topk/recluster_candidate_sites.py	7fae3de6b13780d7cc0776038489cf2f22072339	3d18bddb0972d942a118cfd63016c0ea056167a3	98e7f6a64fe45f6cb9a161f0b97285ae63eb63bad3a872b442ec7bd4d18700ce	14199	immutable_predecessor_validation_evidence
reproduce/biological_topk/run_fresh_holdout.py	7fae3de6b13780d7cc0776038489cf2f22072339	2b266f8be21fdc5e746f9eacf0f592f2775e2d0d	ee9436926292d2bea2a31ae44b7cfbe0f3a2337021ad6ca4b2a86171e1294fc5	34808	immutable_predecessor_validation_evidence
reproduce/biological_topk/run_fresh_holdout_repair1.py	7fae3de6b13780d7cc0776038489cf2f22072339	0d85305ff3d983861c7829312732cac36a157c9b	82d88b6687b5ad67e7f8c5e3e58f276bd31b2a042f6872f9289e11566d3f0d2b	26695	immutable_predecessor_validation_evidence
schemas/biological_topk_program_state.schema.json	7fae3de6b13780d7cc0776038489cf2f22072339	72a2847bf37a7d35f705ab499fadeb9c4e418cc3	ba2363b3d0b39bb92b4e1c692159a334c4de5cd655a82eca50cfd3ff7451c1d7	6225	immutable_predecessor_validation_evidence
scripts/check_biological_topk_all.sh	7fae3de6b13780d7cc0776038489cf2f22072339	abb4bdbccdba927c084c4fa589f3045fe67ff0d1	bd2a519766aa5e3a060e5092bd81522efdf57791dd75f44ed3b6f59d90934f98	1015	immutable_predecessor_validation_evidence
scripts/check_biological_topk_phase.py	7fae3de6b13780d7cc0776038489cf2f22072339	999af53589a3390b904d4b53667bc95193d46bb0	f60503c03468929827c950b90b1bc897766459296362f467c067345ab3404f47	94423	immutable_predecessor_validation_evidence
scripts/check_biological_topk_phase0.sh	7fae3de6b13780d7cc0776038489cf2f22072339	306181b79bf8b3b784e3f6a5daf307458f9e3753	079dd0bbd04ee5388d9d03167c58e1c5a900097e3fd681f628cec2d945490802	405	immutable_predecessor_validation_evidence
scripts/check_biological_topk_phase1.sh	7fae3de6b13780d7cc0776038489cf2f22072339	a580d4c8387356d3db3b3f6a41e74cff319bfc4a	2052fc29a495b6a0f77454c41c48d9b92437f92eb9eb668d4995baa91f529969	405	immutable_predecessor_validation_evidence
scripts/check_biological_topk_phase2.sh	7fae3de6b13780d7cc0776038489cf2f22072339	6a8106bf22b6b22df9c9b9ad462ea59631526696	6da70bf7847e79fbeda864fafbf766136b19b858561ea8a4db3380f94182902c	420	immutable_predecessor_validation_evidence
scripts/check_biological_topk_phase3.sh	7fae3de6b13780d7cc0776038489cf2f22072339	f3ddfe781ea868f5c26cbfa4300540b3cca14600	bc562f10653f400248dfe94a0f57e091206fa8f538d7f2dbe73f52b0161fc62d	420	immutable_predecessor_validation_evidence
scripts/check_biological_topk_phase4.sh	7fae3de6b13780d7cc0776038489cf2f22072339	11b1046507792f32ffc9ef30a3917a1dd82d278e	902f40211e6675ee4e1ecf4582092e5ef0a8854255d6cffb5b61519448a6939e	420	immutable_predecessor_validation_evidence
tests/biological_topk/__init__.py	7fae3de6b13780d7cc0776038489cf2f22072339	6dcffe6685b402db1d34af576c6d00a850c6fb66	2ab4a415b7b4af0b4fc9425563055528a3486a126fda98a5ed711636dfbf1122	39	immutable_predecessor_validation_evidence
tests/biological_topk/test_phase0.py	7fae3de6b13780d7cc0776038489cf2f22072339	a8ce6f3822c52a4f3cb840422519c260713a58de	9e49aa41ed06d8a3261c15f22dc0aa0389b5e7ae342e96d968d5d340e63d8045	3701	immutable_predecessor_validation_evidence
tests/biological_topk/test_phase1_contract.py	7fae3de6b13780d7cc0776038489cf2f22072339	b618ec36a5545ee02369fce80c94808f179e1c92	e98c3f11a5eb885a374486c5a769edd0b280c080bc9811c8d517837d628fc0c3	22765	immutable_predecessor_validation_evidence
tests/biological_topk/test_phase2_comparator.py	7fae3de6b13780d7cc0776038489cf2f22072339	a30c3b564bda69c04a678993ac150c13319c5fa6	28ff38c3b9468b41a0aef6439e96e05283f452824d63926746fa24029647f1f8	14364	immutable_predecessor_validation_evidence
tests/biological_topk/test_phase3_holdout.py	7fae3de6b13780d7cc0776038489cf2f22072339	c57c821a6947e4cbc6782be8778c1189d52ec3ea	dad1a5505bdbfadc89a8f3b73a68c5dc7862a699e6819e2f401c1ce6d0fc4118	11142	immutable_predecessor_validation_evidence
tests/biological_topk/test_phase4_concordance.py	7fae3de6b13780d7cc0776038489cf2f22072339	56fcec5fa7b69954c07f294aa5875788e9c5967f	b2da14c98e420450e5954950caca17d399536c0a762398c84fca413f9fd49263	7359	immutable_predecessor_validation_evidence
