data_freeze_id	runtime_epoch	runtime_commit	machine_id	workload_id	claim_id	pair_id	run_id	mode	role	output_contract	wall_seconds	exact_stage_seconds	cpu_finalizer_seconds	host_scheduling_overlap_seconds	peak_gpu_memory_bytes	peak_rss_kb	gasal2_requests	traceback_requests	fallbacks	length_guard_fallbacks	runtime_batch_fallbacks	overflow_fallbacks	top5_score_equal	top5_stability_equal	top5_nt_equal	boundary_ties_equal	full_output_byte_equal	missing_rows	extra_rows	status	excluded	exclusion_reason	config_digest_sha256	artifact_path	artifact_sha256	source_phase
paper-data-v1-dccfd49-20260716	0	0d11aa2d61b7ccda59b462ab8e0750dad17ee18f	machine-aab56167c157	c1_h19_chr21_chr22_fast_topk	C1	1	c1_h19_chr21_chr22_fast_topk__pair01__baseline__0	baseline	core	fast_topk_score_stability_nt	2377.19716166507	NA	NA	NA	493879296	3848856	0	0	0	0	0	0	1	1	1	NA	NA	NA	NA	clean	0	NA	2b2374a039411b6c33026e15a2a7359531847a7111756c5ef1fdce3be8881181	phase2:c1_h19_chr21_chr22_fast_topk__pair01__baseline__0/run-complete.json	cff96ecb6be21fedfc4dd83843f9554b0a19ee56510cbcd61a6247bb65dc8e20	phase2
paper-data-v1-dccfd49-20260716	0	0d11aa2d61b7ccda59b462ab8e0750dad17ee18f	machine-aab56167c157	c1_h19_chr21_chr22_fast_topk	C1	1	c1_h19_chr21_chr22_fast_topk__pair01__candidate__0	candidate	core	fast_topk_score_stability_nt	61.585542598040774	NA	NA	NA	21076377600	1598752	0	0	0	0	0	0	1	1	1	NA	NA	NA	NA	clean	0	NA	9808bb51512a70bdb50864ac9de8f0f57985893e43e719f1be1bf65215be6c8f	phase2:c1_h19_chr21_chr22_fast_topk__pair01__candidate__0/run-complete.json	c9f67ef3b56155bfe9df49458be933b0ef1dde14d61fe1b9d7b5a1a8b080c475	phase2
paper-data-v1-dccfd49-20260716	0	0d11aa2d61b7ccda59b462ab8e0750dad17ee18f	machine-aab56167c157	c1_h19_chr21_chr22_fast_topk	C1	2	c1_h19_chr21_chr22_fast_topk__pair02__baseline__0	baseline	core	fast_topk_score_stability_nt	2381.355362199014	NA	NA	NA	571473920	3848640	0	0	0	0	0	0	1	1	1	NA	NA	NA	NA	clean	0	NA	520a1602b0f36c668095c99ad9fa2fd4773fc0111e96a6b5bcce891cb06131d5	phase2:c1_h19_chr21_chr22_fast_topk__pair02__baseline__0/run-complete.json	4398b1d135041439ae9e2d32c40de7bcd689f42a661c76f02b20082c3e1fd4da	phase2
paper-data-v1-dccfd49-20260716	0	0d11aa2d61b7ccda59b462ab8e0750dad17ee18f	machine-aab56167c157	c1_h19_chr21_chr22_fast_topk	C1	2	c1_h19_chr21_chr22_fast_topk__pair02__candidate__0	candidate	core	fast_topk_score_stability_nt	62.33838479407132	NA	NA	NA	21076377600	1598580	0	0	0	0	0	0	1	1	1	NA	NA	NA	NA	clean	0	NA	ff334d64f8dd490f133fbd5bd733661ab3e0f6ad1634c93abb42849465eaaca0	phase2:c1_h19_chr21_chr22_fast_topk__pair02__candidate__0/run-complete.json	01b39618176803495809ef285c530d41163fdd33beb3b51c259d52060819e85f	phase2
paper-data-v1-dccfd49-20260716	0	0d11aa2d61b7ccda59b462ab8e0750dad17ee18f	machine-aab56167c157	c1_h19_chr21_chr22_fast_topk	C1	3	c1_h19_chr21_chr22_fast_topk__pair03__baseline__0	baseline	core	fast_topk_score_stability_nt	2369.832909382065	NA	NA	NA	493879296	3848720	0	0	0	0	0	0	1	1	1	NA	NA	NA	NA	clean	0	NA	8e93260dafff854a7180b4fe529d589db075814b2afeb41c83db888a03e2a22c	phase2:c1_h19_chr21_chr22_fast_topk__pair03__baseline__0/run-complete.json	ec42e3cf5f17c021e499e238809a742f8df97acad48fc0b9834290e8229b6445	phase2
paper-data-v1-dccfd49-20260716	0	0d11aa2d61b7ccda59b462ab8e0750dad17ee18f	machine-aab56167c157	c1_h19_chr21_chr22_fast_topk	C1	3	c1_h19_chr21_chr22_fast_topk__pair03__candidate__0	candidate	core	fast_topk_score_stability_nt	61.84181602799799	NA	NA	NA	21076377600	1598828	0	0	0	0	0	0	1	1	1	NA	NA	NA	NA	clean	0	NA	7e49f2ab7801d231418c5661e50fd2c2093921c2377acd27786b9ff182585160	phase2:c1_h19_chr21_chr22_fast_topk__pair03__candidate__0/run-complete.json	32111e2179de12397fc8d77ef970d6dfb1f5a79e45860a33b1d19dddbc81ab11	phase2
paper-data-v1-dccfd49-20260716	0	0d11aa2d61b7ccda59b462ab8e0750dad17ee18f	machine-aab56167c157	c1_h19_chr21_chr22_fast_topk	C1	4	c1_h19_chr21_chr22_fast_topk__pair04__baseline__0	baseline	core	fast_topk_score_stability_nt	2375.284256580984	NA	NA	NA	428867584	3848556	0	0	0	0	0	0	1	1	1	NA	NA	NA	NA	clean	0	NA	b00187c62b732be40c6a1b2d0f5d8ee26076859f8bd7f74d741ccf1476552b5b	phase2:c1_h19_chr21_chr22_fast_topk__pair04__baseline__0/run-complete.json	c7c9a60b583cb2490ef254103b97ae0f8aa247f2b1646b10b1a5eae818a8127e	phase2
paper-data-v1-dccfd49-20260716	0	0d11aa2d61b7ccda59b462ab8e0750dad17ee18f	machine-aab56167c157	c1_h19_chr21_chr22_fast_topk	C1	4	c1_h19_chr21_chr22_fast_topk__pair04__candidate__0	candidate	core	fast_topk_score_stability_nt	61.990312970010564	NA	NA	NA	21076377600	1598804	0	0	0	0	0	0	1	1	1	NA	NA	NA	NA	clean	0	NA	a9bf8aa49a7c1bf5459f8717ce25fa038ea2b24550b17db034197c150c75a232	phase2:c1_h19_chr21_chr22_fast_topk__pair04__candidate__0/run-complete.json	3113b1f062448190eb55c4b445ddb36047a8c0d258d5fb891c72842bd0bcf397	phase2
paper-data-v1-dccfd49-20260716	0	0d11aa2d61b7ccda59b462ab8e0750dad17ee18f	machine-aab56167c157	c1_h19_chr21_chr22_fast_topk	C1	5	c1_h19_chr21_chr22_fast_topk__pair05__baseline__0	baseline	core	fast_topk_score_stability_nt	2380.3690671940567	NA	NA	NA	571473920	3848556	0	0	0	0	0	0	1	1	1	NA	NA	NA	NA	clean	0	NA	39eb10a685cf4067d9f8d456f6eaadc6c07f7d5333a333c8c467e4570573d671	phase2:c1_h19_chr21_chr22_fast_topk__pair05__baseline__0/run-complete.json	c3f3bce37291e18290474bf38a07eaba656669936d468bedacce266e0f95ce80	phase2
paper-data-v1-dccfd49-20260716	0	0d11aa2d61b7ccda59b462ab8e0750dad17ee18f	machine-aab56167c157	c1_h19_chr21_chr22_fast_topk	C1	5	c1_h19_chr21_chr22_fast_topk__pair05__candidate__0	candidate	core	fast_topk_score_stability_nt	61.738257682998665	NA	NA	NA	21534605312	1598548	0	0	0	0	0	0	1	1	1	NA	NA	NA	NA	clean	0	NA	5b737723a9bd67dd07be88d690477aa6a0d7f522bdb0045f6cb8c69d16dceb4d	phase2:c1_h19_chr21_chr22_fast_topk__pair05__candidate__0/run-complete.json	f167374784fa4017507600666806966ff20fbaf98ba2b0727fd66fc71a81b7a4	phase2
paper-data-v1-dccfd49-20260716	0	0d11aa2d61b7ccda59b462ab8e0750dad17ee18f	machine-aab56167c157	c1_h19_chr21_chr22_fast_topk	C1	0	c1_h19_chr21_chr22_fast_topk__warmup__baseline__0	baseline	core	fast_topk_score_stability_nt	2374.55072762107	NA	NA	NA	430964736	3848516	0	0	0	0	0	0	NA	NA	NA	NA	NA	NA	NA	warmup	1	protocol_warmup	71650c643a807bc1b05ecfe33f3fadfbfb54763330b85db821e1f0f0975e2b00	phase2:c1_h19_chr21_chr22_fast_topk__warmup__baseline__0/run-complete.json	62b45674cd9a5f3fd399f5943d137809d3b784ac2db9be602d87830dbf24201d	phase2
paper-data-v1-dccfd49-20260716	0	0d11aa2d61b7ccda59b462ab8e0750dad17ee18f	machine-aab56167c157	c1_h19_chr21_chr22_fast_topk	C1	0	c1_h19_chr21_chr22_fast_topk__warmup__candidate__0	candidate	core	fast_topk_score_stability_nt	61.935939616989344	NA	NA	NA	21076377600	1598748	0	0	0	0	0	0	NA	NA	NA	NA	NA	NA	NA	warmup	1	protocol_warmup	0e555ad21c324279ee336040a04afcc832e00965674c10b514cde79bded06ac8	phase2:c1_h19_chr21_chr22_fast_topk__warmup__candidate__0/run-complete.json	bf2b9117573a084646a9f4d4592aff9de0b9f7ce3a72f7f610f1f047bb202372	phase2
paper-data-v1-dccfd49-20260716	0	0d11aa2d61b7ccda59b462ab8e0750dad17ee18f	machine-aab56167c157	c4_h19_chr21_two_slot	C4	1	c4_h19_chr21_two_slot__pair01__baseline__0	baseline	core	fast_topk_score_stability_nt	63.06610817508772	11.902	NA	NA	20729298944	1053076	22254876	6927591	0	0	0	0	1	1	1	NA	NA	0	0	clean	0	NA	31aa568d02ed3506edd170f480d63730f76ebfb92802d2b31010c140b23eef7e	phase2:c4_h19_chr21_two_slot__pair01__baseline__0/run-complete.json	e29e57571a043e05c55c1977bbf4bae90230fb743f85083209b85cf09d832942	phase2
paper-data-v1-dccfd49-20260716	0	0d11aa2d61b7ccda59b462ab8e0750dad17ee18f	machine-aab56167c157	c4_h19_chr21_two_slot	C4	1	c4_h19_chr21_two_slot__pair01__candidate__0	candidate	core	fast_topk_score_stability_nt	55.08355818793643	11.9238	10.3626	10.34	20729298944	1099984	22254873	6927591	0	0	0	0	1	1	1	NA	NA	0	0	clean	0	NA	28dd5b4a8885c9bcde12bf4c672832b87f44cebc05da3983c57d5ea2e515b63e	phase2:c4_h19_chr21_two_slot__pair01__candidate__0/run-complete.json	d1840dcacab81111b29a1265c6e8be46526fa52884c32538a9ee96b02c5617fd	phase2
paper-data-v1-dccfd49-20260716	0	0d11aa2d61b7ccda59b462ab8e0750dad17ee18f	machine-aab56167c157	c4_h19_chr21_two_slot	C4	2	c4_h19_chr21_two_slot__pair02__baseline__0	baseline	core	fast_topk_score_stability_nt	63.092179585946724	11.9158	NA	NA	20729298944	1053328	22254894	6927591	0	0	0	0	1	1	1	NA	NA	0	0	clean	0	NA	76edab445744eddfd9b4ab9254929836510d6ef45ae22f0d4c428effd87b7499	phase2:c4_h19_chr21_two_slot__pair02__baseline__0/run-complete.json	2f712b19ebda4e01c7a4468aa4261adf399831132725bc1aca52f3f20140cb83	phase2
paper-data-v1-dccfd49-20260716	0	0d11aa2d61b7ccda59b462ab8e0750dad17ee18f	machine-aab56167c157	c4_h19_chr21_two_slot	C4	2	c4_h19_chr21_two_slot__pair02__candidate__0	candidate	core	fast_topk_score_stability_nt	54.499607207020745	11.9093	10.4386	10.4036	20729298944	1109320	22254888	6927591	0	0	0	0	1	1	1	NA	NA	0	0	clean	0	NA	8f1916aed13e281ae05c0bdb626b916f074a5ed340ff15ddb53ffdc75ce96f6c	phase2:c4_h19_chr21_two_slot__pair02__candidate__0/run-complete.json	4e329374c266467706a526bdd560fc6ea59809f2ed63ebc85b9de9607a0f8392	phase2
paper-data-v1-dccfd49-20260716	0	0d11aa2d61b7ccda59b462ab8e0750dad17ee18f	machine-aab56167c157	c4_h19_chr21_two_slot	C4	3	c4_h19_chr21_two_slot__pair03__baseline__0	baseline	core	fast_topk_score_stability_nt	63.0003400669666	11.8942	NA	NA	20729298944	1049028	22254888	6927591	0	0	0	0	1	1	1	NA	NA	0	0	clean	0	NA	2eae4085bd9f1173b30396bf302588258b5b71a6aa1c1c5e25238ca5b710eb95	phase2:c4_h19_chr21_two_slot__pair03__baseline__0/run-complete.json	8780520614034233fb2ac04d283b315a0b965ea8e8e2394c649ed9ab6e7d18f1	phase2
paper-data-v1-dccfd49-20260716	0	0d11aa2d61b7ccda59b462ab8e0750dad17ee18f	machine-aab56167c157	c4_h19_chr21_two_slot	C4	3	c4_h19_chr21_two_slot__pair03__candidate__0	candidate	core	fast_topk_score_stability_nt	55.22253398702014	11.9123	10.4958	10.4584	20729298944	1087328	22254885	6927591	0	0	0	0	1	1	1	NA	NA	0	0	clean	0	NA	2cbedbc10a30ac64ce2d4c0a8fcf4ad0040fa285f27cb452070d20d600972578	phase2:c4_h19_chr21_two_slot__pair03__candidate__0/run-complete.json	4aa9a8d493005e7c681b412aeec342379deefc689bd232db789beaba75db7499	phase2
paper-data-v1-dccfd49-20260716	0	0d11aa2d61b7ccda59b462ab8e0750dad17ee18f	machine-aab56167c157	c4_h19_chr21_two_slot	C4	4	c4_h19_chr21_two_slot__pair04__baseline__0	baseline	core	fast_topk_score_stability_nt	62.98732413502876	11.8779	NA	NA	20729298944	1053916	22254885	6927591	0	0	0	0	1	1	1	NA	NA	0	0	clean	0	NA	d8a7751692849f24e1a367f55205a01d17e67f4c409c269840cf3c12be0ec161	phase2:c4_h19_chr21_two_slot__pair04__baseline__0/run-complete.json	951a036843c5eb616efe8af316908d37949a55747a49b47c896980cc60e00bf6	phase2
paper-data-v1-dccfd49-20260716	0	0d11aa2d61b7ccda59b462ab8e0750dad17ee18f	machine-aab56167c157	c4_h19_chr21_two_slot	C4	4	c4_h19_chr21_two_slot__pair04__candidate__0	candidate	core	fast_topk_score_stability_nt	55.1006540620001	11.8813	10.4172	10.3985	20729298944	1109204	22254870	6927591	0	0	0	0	1	1	1	NA	NA	0	0	clean	0	NA	3c89e1e524be621a724726c2039898d1d014822da1ec380a0f2ccfdce8a1582f	phase2:c4_h19_chr21_two_slot__pair04__candidate__0/run-complete.json	d8eb3771f4b62636d5f4686b487dd23e905a840521230e3ed6f660efb697a258	phase2
paper-data-v1-dccfd49-20260716	0	0d11aa2d61b7ccda59b462ab8e0750dad17ee18f	machine-aab56167c157	c4_h19_chr21_two_slot	C4	5	c4_h19_chr21_two_slot__pair05__baseline__0	baseline	core	fast_topk_score_stability_nt	62.89874048496131	11.842	NA	NA	20729298944	1049088	22254903	6927591	0	0	0	0	1	1	1	NA	NA	0	0	clean	0	NA	56c5031dcadaf790fe6c3303c0329d195d4dcd0b3412390cc770e7ddafac1cc3	phase2:c4_h19_chr21_two_slot__pair05__baseline__0/run-complete.json	cf468459d37bbade4dd2db8263f695a3a55bf196ba895bd487f3e3585ac80dc7	phase2
paper-data-v1-dccfd49-20260716	0	0d11aa2d61b7ccda59b462ab8e0750dad17ee18f	machine-aab56167c157	c4_h19_chr21_two_slot	C4	5	c4_h19_chr21_two_slot__pair05__candidate__0	candidate	core	fast_topk_score_stability_nt	55.0315666149836	11.842	10.4396	10.4098	20729298944	1098080	22254876	6927591	0	0	0	0	1	1	1	NA	NA	0	0	clean	0	NA	45f772ebb7b2e77ff9bd2ae0b6881cb77d74a989caa995fae6e0367ca556da04	phase2:c4_h19_chr21_two_slot__pair05__candidate__0/run-complete.json	54a029ac9c17f68714c24c8f3b0881514ec018f6f2f1948dd9f02495f872abbe	phase2
paper-data-v1-dccfd49-20260716	0	0d11aa2d61b7ccda59b462ab8e0750dad17ee18f	machine-aab56167c157	c4_h19_chr21_two_slot	C4	0	c4_h19_chr21_two_slot__warmup__baseline__0	baseline	core	fast_topk_score_stability_nt	62.93671638495289	11.8605	NA	NA	20729298944	1049176	22254888	6927591	0	0	0	0	NA	NA	NA	NA	NA	NA	NA	warmup	1	protocol_warmup	c2a3cc9f887f4451b3ca0236e5707e62c4ff6c93352da657e4c9c7c11a5b2ca9	phase2:c4_h19_chr21_two_slot__warmup__baseline__0/run-complete.json	b769aadc8b005b7b73a99f2818edb379a8dbaf983540641642ba909cbc536cbd	phase2
paper-data-v1-dccfd49-20260716	0	0d11aa2d61b7ccda59b462ab8e0750dad17ee18f	machine-aab56167c157	c4_h19_chr21_two_slot	C4	0	c4_h19_chr21_two_slot__warmup__candidate__0	candidate	core	fast_topk_score_stability_nt	55.168548314948566	11.8895	10.4741	10.4499	20729298944	1113696	22254873	6927591	0	0	0	0	NA	NA	NA	NA	NA	NA	NA	warmup	1	protocol_warmup	2037d93bb050f8a466747cb4adc2bbf6ceda08d72440ab44698a6ee95a4502dc	phase2:c4_h19_chr21_two_slot__warmup__candidate__0/run-complete.json	b9d85739e42b882cd8ab0d39ed63aef614683e752f2ad37b2a144eee24900d1b	phase2
paper-data-v1-dccfd49-20260716	0	0d11aa2d61b7ccda59b462ab8e0750dad17ee18f	machine-aab56167c157	c4_h19_chr22_two_slot	C4	1	c4_h19_chr22_two_slot__pair01__baseline__0	baseline	core	fast_topk_score_stability_nt	62.440244734985754	11.5929	NA	NA	20729298944	1056676	21802056	6910419	0	0	0	0	1	1	1	NA	NA	0	0	clean	0	NA	302c111f2674ab24b1e75052945c8c4b8c672c6f1dfb2acbf8c8a21a7ed6edf3	phase2:c4_h19_chr22_two_slot__pair01__baseline__0/run-complete.json	454a0d543eb9f5cc7e3bdb26a5cf675f7755b63a83f800e5cc510921aae67e20	phase2
paper-data-v1-dccfd49-20260716	0	0d11aa2d61b7ccda59b462ab8e0750dad17ee18f	machine-aab56167c157	c4_h19_chr22_two_slot	C4	1	c4_h19_chr22_two_slot__pair01__candidate__0	candidate	core	fast_topk_score_stability_nt	53.91659662302118	11.5129	10.93	10.8239	20729298944	1112704	21802065	6910419	0	0	0	0	1	1	1	NA	NA	0	0	clean	0	NA	d08f3d3de2531277347fdc34eba69f3349840cb0031268b2f98ece084d5d0276	phase2:c4_h19_chr22_two_slot__pair01__candidate__0/run-complete.json	43fdc38be373793c1694d0389d926cf04e316c1fee03828d4ccfd9758250b2ea	phase2
paper-data-v1-dccfd49-20260716	0	0d11aa2d61b7ccda59b462ab8e0750dad17ee18f	machine-aab56167c157	c4_h19_chr22_two_slot	C4	2	c4_h19_chr22_two_slot__pair02__baseline__0	baseline	core	fast_topk_score_stability_nt	62.37465593300294	11.5414	NA	NA	20729298944	1056720	21802050	6910419	0	0	0	0	1	1	1	NA	NA	0	0	clean	0	NA	6b54975d3858b787c4b9a70102409f4e7a4d6ddcf613ed5f93688575da320848	phase2:c4_h19_chr22_two_slot__pair02__baseline__0/run-complete.json	6ced4c875653f2c5f42ae737acf604f3196aea80c6dae34be7bc4d165f0a0ae3	phase2
paper-data-v1-dccfd49-20260716	0	0d11aa2d61b7ccda59b462ab8e0750dad17ee18f	machine-aab56167c157	c4_h19_chr22_two_slot	C4	2	c4_h19_chr22_two_slot__pair02__candidate__0	candidate	core	fast_topk_score_stability_nt	54.18205926497467	11.5613	10.9231	10.8104	21188575232	1122412	21802053	6910419	0	0	0	0	1	1	1	NA	NA	0	0	clean	0	NA	254311603b6b5ae9a0c7272775253c032c6c6bc827c6094820ce87f61c36a2bd	phase2:c4_h19_chr22_two_slot__pair02__candidate__0/run-complete.json	f2162102930d59f1fc4921e4985b14d3bcb4e22deebbeca0b74a2bc37558f494	phase2
paper-data-v1-dccfd49-20260716	0	0d11aa2d61b7ccda59b462ab8e0750dad17ee18f	machine-aab56167c157	c4_h19_chr22_two_slot	C4	3	c4_h19_chr22_two_slot__pair03__baseline__0	baseline	core	fast_topk_score_stability_nt	62.1861274309922	11.5091	NA	NA	20729298944	1058124	21802032	6910419	0	0	0	0	1	1	1	NA	NA	0	0	clean	0	NA	571e5ed6fe7dd613e06d656100c3fcbf56d01fc631eaf1ffaab20f8b5ec6c3b0	phase2:c4_h19_chr22_two_slot__pair03__baseline__0/run-complete.json	2f00a6981b9baf58a0eae5eff43786e3e7ff72d3b073a74859cc3453f21a220f	phase2
paper-data-v1-dccfd49-20260716	0	0d11aa2d61b7ccda59b462ab8e0750dad17ee18f	machine-aab56167c157	c4_h19_chr22_two_slot	C4	3	c4_h19_chr22_two_slot__pair03__candidate__0	candidate	core	fast_topk_score_stability_nt	54.17090582102537	11.5607	10.8288	10.7228	20729298944	1106820	21802044	6910419	0	0	0	0	1	1	1	NA	NA	0	0	clean	0	NA	13a8d1eac22c068b297891d85cceedab8b3485954fc21c7fca2bbea715d428a8	phase2:c4_h19_chr22_two_slot__pair03__candidate__0/run-complete.json	9239cf961181b7a7e431ba67fca5f09c6d3de6f761b7309437a3c76e0b4b1e59	phase2
paper-data-v1-dccfd49-20260716	0	0d11aa2d61b7ccda59b462ab8e0750dad17ee18f	machine-aab56167c157	c4_h19_chr22_two_slot	C4	4	c4_h19_chr22_two_slot__pair04__baseline__0	baseline	core	fast_topk_score_stability_nt	62.34077559702564	11.5708	NA	NA	20729298944	1059108	21802047	6910419	0	0	0	0	1	1	1	NA	NA	0	1	clean	0	NA	b57a92356fa094f84f7bf9080f1473d4dd8034150d0bd13adeddf9b4bd402baa	phase2:c4_h19_chr22_two_slot__pair04__baseline__0/run-complete.json	814d5754faba1f6a4be027cc2438296f5af5175c728b9b5162f8e7f622220736	phase2
paper-data-v1-dccfd49-20260716	0	0d11aa2d61b7ccda59b462ab8e0750dad17ee18f	machine-aab56167c157	c4_h19_chr22_two_slot	C4	4	c4_h19_chr22_two_slot__pair04__candidate__0	candidate	core	fast_topk_score_stability_nt	53.91675185901113	11.5328	10.887	10.7801	20729298944	1111008	21802050	6910419	0	0	0	0	1	1	1	NA	NA	0	1	clean	0	NA	9b69801308377f763d763a1ef2dc9cf7c6c715ceb4a8b0557a507feac7508570	phase2:c4_h19_chr22_two_slot__pair04__candidate__0/run-complete.json	4875e7da4775f88e14c2859eae0433af88e5efafd7747c26957e680afca32178	phase2
paper-data-v1-dccfd49-20260716	0	0d11aa2d61b7ccda59b462ab8e0750dad17ee18f	machine-aab56167c157	c4_h19_chr22_two_slot	C4	5	c4_h19_chr22_two_slot__pair05__baseline__0	baseline	core	fast_topk_score_stability_nt	62.194277058006264	11.5824	NA	NA	21207449600	1059852	21802035	6910419	0	0	0	0	1	1	1	NA	NA	0	0	clean	0	NA	55139d1aee05f8ec14a3009b320ee9e8b91ff5b87cf8e6c82ee2638c593c46e9	phase2:c4_h19_chr22_two_slot__pair05__baseline__0/run-complete.json	2acdd096feb7f9e6ca8839fd568f0f13e8e16391a646b1e2d63a24fdac817a69	phase2
paper-data-v1-dccfd49-20260716	0	0d11aa2d61b7ccda59b462ab8e0750dad17ee18f	machine-aab56167c157	c4_h19_chr22_two_slot	C4	5	c4_h19_chr22_two_slot__pair05__candidate__0	candidate	core	fast_topk_score_stability_nt	54.19760093593504	11.5427	10.9396	10.8192	20729298944	1121328	21802047	6910419	0	0	0	0	1	1	1	NA	NA	0	0	clean	0	NA	9bf62e4ec60e8424ff978194dcf1addca1dd57544f96bf9ee712a721941ef0d8	phase2:c4_h19_chr22_two_slot__pair05__candidate__0/run-complete.json	e7984748cf5a8b94cded44a447a9ec47516014ae3eaf12fd11c9c1b888ff1776	phase2
paper-data-v1-dccfd49-20260716	0	0d11aa2d61b7ccda59b462ab8e0750dad17ee18f	machine-aab56167c157	c4_h19_chr22_two_slot	C4	0	c4_h19_chr22_two_slot__warmup__baseline__0	baseline	core	fast_topk_score_stability_nt	62.08234006003477	11.5254	NA	NA	20729298944	1059692	21802059	6910419	0	0	0	0	NA	NA	NA	NA	NA	NA	NA	warmup	1	protocol_warmup	a1cf85dc0d6289ae4c015d4f2cff9d8d26229108f97d2e07f7079d0aa00d35cd	phase2:c4_h19_chr22_two_slot__warmup__baseline__0/run-complete.json	050c923feb57d93fabd9a7d09ff2ed3958ee504a2ec8e55c5382471c5d311867	phase2
paper-data-v1-dccfd49-20260716	0	0d11aa2d61b7ccda59b462ab8e0750dad17ee18f	machine-aab56167c157	c4_h19_chr22_two_slot	C4	0	c4_h19_chr22_two_slot__warmup__candidate__0	candidate	core	fast_topk_score_stability_nt	54.27643147704657	11.5642	10.9451	10.8384	20729298944	1122392	21802065	6910419	0	0	0	0	NA	NA	NA	NA	NA	NA	NA	warmup	1	protocol_warmup	d6fee99ea5c2cbfbe9b3e1508bff0e99586b93fc6f1d73b4aa09ad2dcccb54f3	phase2:c4_h19_chr22_two_slot__warmup__candidate__0/run-complete.json	03b6782bee4caa789d0b7407570c793210694877149efec77306df7af9c31f9f	phase2
paper-data-v1-dccfd49-20260716	0	0d11aa2d61b7ccda59b462ab8e0750dad17ee18f	machine-aab56167c157	c7_kcnq_max8_chr22	C7	1	c7_kcnq_max8_chr22__pair01__baseline__0	baseline	core	shifted_grid_bounded_full_rows	1021.7175259849755	NA	NA	NA	16356737024	2352964	0	0	0	0	0	0	1	1	1	NA	1	0	0	clean	0	NA	b5e005b82bb4bcddf7775391456d6bf2319dc347ef278925af59bf57acf08bbc	phase2:c7_kcnq_max8_chr22__pair01__baseline__0/run-complete.json	330ffa08da75eac3e923be3d34b21e41c4841140494032a371b1a399d778d15e	phase2
paper-data-v1-dccfd49-20260716	0	0d11aa2d61b7ccda59b462ab8e0750dad17ee18f	machine-aab56167c157	c7_kcnq_max8_chr22	C7	1	c7_kcnq_max8_chr22__pair01__candidate__0	candidate	core	shifted_grid_bounded_full_rows	938.7240942339413	NA	NA	NA	16249782272	2346040	0	0	0	0	0	0	1	1	1	NA	1	0	0	clean	0	NA	29577ac9a88c7c547f47cb84821567d6854ee48b97d2825a72c5a2eb40fda028	phase2:c7_kcnq_max8_chr22__pair01__candidate__0/run-complete.json	afacdfd4904677f9b06141702900328e50cc887154c24d7e8915bf63f5888127	phase2
paper-data-v1-dccfd49-20260716	0	0d11aa2d61b7ccda59b462ab8e0750dad17ee18f	machine-aab56167c157	c7_kcnq_max8_chr22	C7	2	c7_kcnq_max8_chr22__pair02__baseline__0	baseline	core	shifted_grid_bounded_full_rows	1024.4919464180712	NA	NA	NA	15805186048	2352964	0	0	0	0	0	0	1	1	1	NA	1	0	0	clean	0	NA	97f03aeb41edf17b7030f384ec9bd1819aa3599d2ee5214d50c6f923b59cb5d7	phase2:c7_kcnq_max8_chr22__pair02__baseline__0/run-complete.json	0c9919b03791ecd104bce8cb51f7212d992b345a62b908d99806c93514ba64e4	phase2
paper-data-v1-dccfd49-20260716	0	0d11aa2d61b7ccda59b462ab8e0750dad17ee18f	machine-aab56167c157	c7_kcnq_max8_chr22	C7	2	c7_kcnq_max8_chr22__pair02__candidate__0	candidate	core	shifted_grid_bounded_full_rows	944.0446890940657	NA	NA	NA	15727591424	2346360	0	0	0	0	0	0	1	1	1	NA	1	0	0	clean	0	NA	6f80c592b232449f0394d886203839f496e2ccaeb2f83fa7eb5432dace966792	phase2:c7_kcnq_max8_chr22__pair02__candidate__0/run-complete.json	fe18b9dfe39fe8b6b32dc8f351e06ed0c325e6f7ce0b9031605208e20c962f63	phase2
paper-data-v1-dccfd49-20260716	0	0d11aa2d61b7ccda59b462ab8e0750dad17ee18f	machine-aab56167c157	c7_kcnq_max8_chr22	C7	3	c7_kcnq_max8_chr22__pair03__baseline__0	baseline	core	shifted_grid_bounded_full_rows	1020.6069976999424	NA	NA	NA	16214130688	2353168	0	0	0	0	0	0	1	1	1	NA	1	0	0	clean	0	NA	fd94be1e4ce1f3cf72b78ab7c2e66a64a07876bbfa289cce4557009ed8f41c4d	phase2:c7_kcnq_max8_chr22__pair03__baseline__0/run-complete.json	4bcf0ae201852c7fccc48ca5aed0faff24abe1bc33d4bb87b3f1d088ad46d73b	phase2
paper-data-v1-dccfd49-20260716	0	0d11aa2d61b7ccda59b462ab8e0750dad17ee18f	machine-aab56167c157	c7_kcnq_max8_chr22	C7	3	c7_kcnq_max8_chr22__pair03__candidate__0	candidate	core	shifted_grid_bounded_full_rows	938.6018358079018	NA	NA	NA	16136536064	2346080	0	0	0	0	0	0	1	1	1	NA	1	0	0	clean	0	NA	0a60422dd2c68bbd56b3970b3fd2476096ca7db56af27c91344e69030dd435b2	phase2:c7_kcnq_max8_chr22__pair03__candidate__0/run-complete.json	a3ffa8e48e0561329927998f2f4de35e87b22f5ffd46517d2bda0ba37bc87230	phase2
paper-data-v1-dccfd49-20260716	0	0d11aa2d61b7ccda59b462ab8e0750dad17ee18f	machine-aab56167c157	c7_kcnq_max8_chr22	C7	0	c7_kcnq_max8_chr22__warmup__baseline__0	baseline	core	shifted_grid_bounded_full_rows	1015.1156881320057	NA	NA	NA	16214130688	2352916	0	0	0	0	0	0	NA	NA	NA	NA	NA	NA	NA	warmup	1	protocol_warmup	31b2e131949f040ed2d21e692f5de3bc65375611b2adef2076ad1cd43de0aa7d	phase2:c7_kcnq_max8_chr22__warmup__baseline__0/run-complete.json	b52df498f9d7196f542261838ef1bb2059c74edc079b245aca0c4f0c770fd2b0	phase2
paper-data-v1-dccfd49-20260716	0	0d11aa2d61b7ccda59b462ab8e0750dad17ee18f	machine-aab56167c157	c7_kcnq_max8_chr22	C7	0	c7_kcnq_max8_chr22__warmup__candidate__0	candidate	core	shifted_grid_bounded_full_rows	937.5931762120454	NA	NA	NA	16136536064	2346340	0	0	0	0	0	0	NA	NA	NA	NA	NA	NA	NA	warmup	1	protocol_warmup	1168c92ddc09fe63c1898f4b89f8a6656209f1b81c815fa6b0c2bdd5d3a70b9c	phase2:c7_kcnq_max8_chr22__warmup__candidate__0/run-complete.json	cb2d0c7fa608420f2070f5e2c155cd9bcf37830a9acdb0c0d3a492445fd040ec	phase2
paper-data-v1-dccfd49-20260716	0	0d11aa2d61b7ccda59b462ab8e0750dad17ee18f	machine-aab56167c157	g01_malat1_5p_1024_chr11	C2	1	g01_malat1_5p_1024_chr11__pair01__baseline__0	baseline	generalization_core	fast_topk_score_stability_nt	50.296931123011746	NA	NA	NA	35651584	207276	0	0	0	0	0	0	1	1	1	1	NA	44	43	clean	0	NA	cf01ecc79d34e265ae61597159bdc32ae12effee0904e22d92881e10b17c804c	phase3:g01_malat1_5p_1024_chr11__pair01__baseline__0/run-complete.json	37377d83c7d4cb469f8dabfaca1f191683784354f0f7a570afef26e217d42597	phase3
paper-data-v1-dccfd49-20260716	0	0d11aa2d61b7ccda59b462ab8e0750dad17ee18f	machine-aab56167c157	g01_malat1_5p_1024_chr11	C2	1	g01_malat1_5p_1024_chr11__pair01__candidate__0	candidate	generalization_core	fast_topk_score_stability_nt	4.225235744030215	0.276254	NA	NA	7733248000	533336	853007	351748	0	0	0	0	1	1	1	1	NA	44	43	clean	0	NA	71cc2314166033cc813ed20218fbb751a83c593147add2d31c9c12f2d657bbba	phase3:g01_malat1_5p_1024_chr11__pair01__candidate__0/run-complete.json	2343c72382b8b1cbdb4f9559bfbfee718858999fa4200c2c6fec1a1f61c7f98c	phase3
paper-data-v1-dccfd49-20260716	0	0d11aa2d61b7ccda59b462ab8e0750dad17ee18f	machine-aab56167c157	g01_malat1_5p_1024_chr11	C2	2	g01_malat1_5p_1024_chr11__pair02__baseline__0	baseline	generalization_core	fast_topk_score_stability_nt	50.344283245969564	NA	NA	NA	35651584	207308	0	0	0	0	0	0	1	1	1	1	NA	44	43	clean	0	NA	28d414e2d0227ffa8361aabccf218432ffae8e7c15a4392957fe3de8968038fc	phase3:g01_malat1_5p_1024_chr11__pair02__baseline__0/run-complete.json	3c917d2da85773e387fdac675ad9ca67f04e18addb2ba994ea78363d22237637	phase3
paper-data-v1-dccfd49-20260716	0	0d11aa2d61b7ccda59b462ab8e0750dad17ee18f	machine-aab56167c157	g01_malat1_5p_1024_chr11	C2	2	g01_malat1_5p_1024_chr11__pair02__candidate__0	candidate	generalization_core	fast_topk_score_stability_nt	4.220571969985031	0.276603	NA	NA	7733248000	532944	853007	351748	0	0	0	0	1	1	1	1	NA	44	43	clean	0	NA	14940bd3779b8259703906d5d3f877d1e4acd55f9aec660515422d70e0bff6ba	phase3:g01_malat1_5p_1024_chr11__pair02__candidate__0/run-complete.json	383d634b568d0d78ac97e46d66774784f61a6d027ef759588361fae138c6362a	phase3
paper-data-v1-dccfd49-20260716	0	0d11aa2d61b7ccda59b462ab8e0750dad17ee18f	machine-aab56167c157	g01_malat1_5p_1024_chr11	C2	3	g01_malat1_5p_1024_chr11__pair03__baseline__0	baseline	generalization_core	fast_topk_score_stability_nt	50.39797531394288	NA	NA	NA	35651584	207416	0	0	0	0	0	0	1	1	1	1	NA	44	43	clean	0	NA	92ac31ad42e3e725498c02f9722abb6fd06c902794c14049bd33df0a1b8ea160	phase3:g01_malat1_5p_1024_chr11__pair03__baseline__0/run-complete.json	c11c38140eafad60ed3e7f965531d304ad34efdb70c87e5f243421f6482d500f	phase3
paper-data-v1-dccfd49-20260716	0	0d11aa2d61b7ccda59b462ab8e0750dad17ee18f	machine-aab56167c157	g01_malat1_5p_1024_chr11	C2	3	g01_malat1_5p_1024_chr11__pair03__candidate__0	candidate	generalization_core	fast_topk_score_stability_nt	4.2264431529911235	0.276421	NA	NA	7733248000	533036	853007	351748	0	0	0	0	1	1	1	1	NA	44	43	clean	0	NA	6937eac60e7279ef36fdaaf954829b0ffc8dc82ce3c149cb820ead472d90ec9a	phase3:g01_malat1_5p_1024_chr11__pair03__candidate__0/run-complete.json	cd7fed08b385086e840f95a1de2fdee7b8fa3d3cbd9cb24887785b754d99c215	phase3
paper-data-v1-dccfd49-20260716	0	0d11aa2d61b7ccda59b462ab8e0750dad17ee18f	machine-aab56167c157	g01_malat1_5p_1024_chr11	C2	0	g01_malat1_5p_1024_chr11__warmup__baseline__0	baseline	generalization_core	fast_topk_score_stability_nt	50.29631640703883	NA	NA	NA	35651584	207360	0	0	0	0	0	0	NA	NA	NA	NA	NA	NA	NA	warmup	1	protocol_warmup	bcd54ad556f0fe4ced0ddafc3bc7fb3b46e2eeb878f70be3dadc355f1acd5e60	phase3:g01_malat1_5p_1024_chr11__warmup__baseline__0/run-complete.json	c2323835192b30943e0650d02874a6f0c9a92799e2bcb5e031fbe00f94155f9a	phase3
paper-data-v1-dccfd49-20260716	0	0d11aa2d61b7ccda59b462ab8e0750dad17ee18f	machine-aab56167c157	g01_malat1_5p_1024_chr11	C2	0	g01_malat1_5p_1024_chr11__warmup__candidate__0	candidate	generalization_core	fast_topk_score_stability_nt	4.226437062956393	0.27729	NA	NA	7733248000	533344	853007	351748	0	0	0	0	NA	NA	NA	NA	NA	NA	NA	warmup	1	protocol_warmup	52769982e4d7c23452197d8a62b014001521ffc1b0a098548d9cf42c4e91e9e3	phase3:g01_malat1_5p_1024_chr11__warmup__candidate__0/run-complete.json	bf0425dc03fcae6004c750ea79bf2fc539c223b7b2a6d970369e1afae3707dba	phase3
paper-data-v1-dccfd49-20260716	0	0d11aa2d61b7ccda59b462ab8e0750dad17ee18f	machine-aab56167c157	g02_malat1_mid_2048_chr21	C2	1	g02_malat1_mid_2048_chr21__pair01__baseline__0	baseline	generalization_core	fast_topk_score_stability_nt	79.21182026690803	NA	NA	NA	35651584	206740	0	0	0	0	0	0	1	0	1	1	NA	18	18	mismatch	0	NA	4c57aa3e6842af80097ee4a72c5bd91af620f234c159c834922e4e781f1e9c9d	phase3:g02_malat1_mid_2048_chr21__pair01__baseline__0/run-complete.json	762dcc559bc00fcb1cd9aa0fb84a19811a0e92c48b11b099770bd36ace6752c0	phase3
paper-data-v1-dccfd49-20260716	0	0d11aa2d61b7ccda59b462ab8e0750dad17ee18f	machine-aab56167c157	g02_malat1_mid_2048_chr21	C2	1	g02_malat1_mid_2048_chr21__pair01__candidate__0	candidate	generalization_core	fast_topk_score_stability_nt	4.878783490974456	0.401287	NA	NA	15803088896	731660	1091351	471256	0	0	0	0	1	0	1	1	NA	18	18	mismatch	0	NA	ae1fc1f23ba1dfad45464ad1bc74db77cf3962732a39ed1c3093b0f4e716a538	phase3:g02_malat1_mid_2048_chr21__pair01__candidate__0/run-complete.json	066455d9d3ff6dd9586517fe56935b7373516054dc4ac73d2d26bf95eb7e83e6	phase3
paper-data-v1-dccfd49-20260716	0	0d11aa2d61b7ccda59b462ab8e0750dad17ee18f	machine-aab56167c157	g02_malat1_mid_2048_chr21	C2	2	g02_malat1_mid_2048_chr21__pair02__baseline__0	baseline	generalization_core	fast_topk_score_stability_nt	79.22012775903568	NA	NA	NA	35651584	206908	0	0	0	0	0	0	1	0	1	1	NA	18	18	mismatch	0	NA	9e5326553d5a57e9449b38487c47cb4e9670e0d7532c94b12dc45e1714e3f50d	phase3:g02_malat1_mid_2048_chr21__pair02__baseline__0/run-complete.json	a4281ef874fe8c95643f26d99b8fb68faf462f824c84a8252c1b68dc8a666e8e	phase3
paper-data-v1-dccfd49-20260716	0	0d11aa2d61b7ccda59b462ab8e0750dad17ee18f	machine-aab56167c157	g02_malat1_mid_2048_chr21	C2	2	g02_malat1_mid_2048_chr21__pair02__candidate__0	candidate	generalization_core	fast_topk_score_stability_nt	4.885163879953325	0.400812	NA	NA	15803088896	731748	1091351	471256	0	0	0	0	1	0	1	1	NA	18	18	mismatch	0	NA	60ff469bbf2fce3387be7e71f3b15c82b268bf3af86e1f699859b00f8b572ee4	phase3:g02_malat1_mid_2048_chr21__pair02__candidate__0/run-complete.json	41523cab5c599e85b4e42e5a2b9ea553db4bf567eb7b9861b8aca1cceb2fd69f	phase3
paper-data-v1-dccfd49-20260716	0	0d11aa2d61b7ccda59b462ab8e0750dad17ee18f	machine-aab56167c157	g02_malat1_mid_2048_chr21	C2	3	g02_malat1_mid_2048_chr21__pair03__baseline__0	baseline	generalization_core	fast_topk_score_stability_nt	79.21645827800967	NA	NA	NA	35651584	206732	0	0	0	0	0	0	1	0	1	1	NA	18	18	mismatch	0	NA	768ed08f72fe0f39a57e95a526c0428e768f54ee49a9410993744a9b585e8285	phase3:g02_malat1_mid_2048_chr21__pair03__baseline__0/run-complete.json	8e240239fe6d75c2502689104c19d0a8af2694529d46589102206d4e6a9a7968	phase3
paper-data-v1-dccfd49-20260716	0	0d11aa2d61b7ccda59b462ab8e0750dad17ee18f	machine-aab56167c157	g02_malat1_mid_2048_chr21	C2	3	g02_malat1_mid_2048_chr21__pair03__candidate__0	candidate	generalization_core	fast_topk_score_stability_nt	4.8783545850310475	0.399039	NA	NA	15803088896	731516	1091351	471256	0	0	0	0	1	0	1	1	NA	18	18	mismatch	0	NA	705bbee7bd8b2e84fc594c275fdab4daff754b813e6dcb2873f72095df4bf436	phase3:g02_malat1_mid_2048_chr21__pair03__candidate__0/run-complete.json	601c56fb8a9718d53c2aa0ef6db05ab390cd511a241c78f68d5be4feacb7fb5d	phase3
paper-data-v1-dccfd49-20260716	0	0d11aa2d61b7ccda59b462ab8e0750dad17ee18f	machine-aab56167c157	g02_malat1_mid_2048_chr21	C2	0	g02_malat1_mid_2048_chr21__warmup__baseline__0	baseline	generalization_core	fast_topk_score_stability_nt	79.16190768906381	NA	NA	NA	35651584	206748	0	0	0	0	0	0	NA	NA	NA	NA	NA	NA	NA	warmup	1	protocol_warmup	07d3f6fcdc9ab4e98ba474f91f5bc7adb769cf8d21e953c9dffb7efcc73fc16c	phase3:g02_malat1_mid_2048_chr21__warmup__baseline__0/run-complete.json	e24cb6eae25765b78e2c10bb4b446997781d1475f55c8d0a09ec65ce7aebe7b3	phase3
paper-data-v1-dccfd49-20260716	0	0d11aa2d61b7ccda59b462ab8e0750dad17ee18f	machine-aab56167c157	g02_malat1_mid_2048_chr21	C2	0	g02_malat1_mid_2048_chr21__warmup__candidate__0	candidate	generalization_core	fast_topk_score_stability_nt	4.928305225097574	0.401332	NA	NA	15803088896	731456	1091351	471256	0	0	0	0	NA	NA	NA	NA	NA	NA	NA	warmup	1	protocol_warmup	7c9d1873871028575bd5dfc8126ea37853c095d2659f7cf0d8a12b03e5b5efce	phase3:g02_malat1_mid_2048_chr21__warmup__candidate__0/run-complete.json	7f58e765fad5d6c719ca9832ea55c6cb3cc30e852139f80c40576c3fbd3dbef1	phase3
paper-data-v1-dccfd49-20260716	0	0d11aa2d61b7ccda59b462ab8e0750dad17ee18f	machine-aab56167c157	g03_malat1_3p_2812_chr22	C2	1	g03_malat1_3p_2812_chr22__pair01__baseline__0	baseline	generalization_core	fast_topk_score_stability_nt	93.79168249398936	NA	NA	NA	35651584	198724	0	0	0	0	0	0	1	1	1	1	NA	38	46	clean	0	NA	69b26c2c679ecda6a653c4e5a7365e8faed6806ce2cb9d5ebd50a533bbd6fb32	phase3:g03_malat1_3p_2812_chr22__pair01__baseline__0/run-complete.json	5fa90f849be4b1b1ba6ecdfcafe932a54c0ab36a40cb9245564e1e9dfbb0121f	phase3
paper-data-v1-dccfd49-20260716	0	0d11aa2d61b7ccda59b462ab8e0750dad17ee18f	machine-aab56167c157	g03_malat1_3p_2812_chr22	C2	1	g03_malat1_3p_2812_chr22__pair01__candidate__0	candidate	generalization_core	fast_topk_score_stability_nt	5.3795060170814395	0.59092	NA	NA	17342398464	858792	869233	361094	0	0	0	0	1	1	1	1	NA	38	46	clean	0	NA	410e47bbaaf4f0f1d33fdfe78859df8835da62aa2bfe68c57ce13676fe9d5227	phase3:g03_malat1_3p_2812_chr22__pair01__candidate__0/run-complete.json	ec18af74d9043e87636516ad26c66242847afa80ec12d9d1f53d6979cf3e4965	phase3
paper-data-v1-dccfd49-20260716	0	0d11aa2d61b7ccda59b462ab8e0750dad17ee18f	machine-aab56167c157	g03_malat1_3p_2812_chr22	C2	2	g03_malat1_3p_2812_chr22__pair02__baseline__0	baseline	generalization_core	fast_topk_score_stability_nt	93.64246600796469	NA	NA	NA	35651584	198560	0	0	0	0	0	0	1	1	1	1	NA	38	46	clean	0	NA	92c5cab12c691f6c9190a10c7a8aaaec3a1354b4b017239a50b21ea88d09b658	phase3:g03_malat1_3p_2812_chr22__pair02__baseline__0/run-complete.json	6e56c31b8694f51ac689830830b80d26511ab6b5ffcab84135642ec9b2008aff	phase3
paper-data-v1-dccfd49-20260716	0	0d11aa2d61b7ccda59b462ab8e0750dad17ee18f	machine-aab56167c157	g03_malat1_3p_2812_chr22	C2	2	g03_malat1_3p_2812_chr22__pair02__candidate__0	candidate	generalization_core	fast_topk_score_stability_nt	5.380274311057292	0.586529	NA	NA	17342398464	851708	869236	361094	0	0	0	0	1	1	1	1	NA	38	46	clean	0	NA	fcf060ee3afffef0460ca11920cf3ce54f101c11704acd15a23946e794eccf5c	phase3:g03_malat1_3p_2812_chr22__pair02__candidate__0/run-complete.json	db9ae83e7c1040c3a976de454b8f3849ff8e21af05a8d4678843272daca7c1c1	phase3
paper-data-v1-dccfd49-20260716	0	0d11aa2d61b7ccda59b462ab8e0750dad17ee18f	machine-aab56167c157	g03_malat1_3p_2812_chr22	C2	3	g03_malat1_3p_2812_chr22__pair03__baseline__0	baseline	generalization_core	fast_topk_score_stability_nt	93.72063690598588	NA	NA	NA	35651584	198552	0	0	0	0	0	0	1	1	1	1	NA	38	46	clean	0	NA	288993ca5b5a9ca54de021a7d3c6df586622b157cb92c60259a2582a859e637a	phase3:g03_malat1_3p_2812_chr22__pair03__baseline__0/run-complete.json	66dc9fd130d511b00a60a145892bf3d59176d334ab1b4236ab33127f5b6a617e	phase3
paper-data-v1-dccfd49-20260716	0	0d11aa2d61b7ccda59b462ab8e0750dad17ee18f	machine-aab56167c157	g03_malat1_3p_2812_chr22	C2	3	g03_malat1_3p_2812_chr22__pair03__candidate__0	candidate	generalization_core	fast_topk_score_stability_nt	5.379818847053684	0.591243	NA	NA	17342398464	859116	869248	361094	0	0	0	0	1	1	1	1	NA	38	46	clean	0	NA	3348ac0e292e7c2fed210f20aba4327ab46ae1a614805981b859b01b59830378	phase3:g03_malat1_3p_2812_chr22__pair03__candidate__0/run-complete.json	e9ca146d2c419e08bd3932bc6afb9db8851c7982000fa1e2f55587beabca88e1	phase3
paper-data-v1-dccfd49-20260716	0	0d11aa2d61b7ccda59b462ab8e0750dad17ee18f	machine-aab56167c157	g03_malat1_3p_2812_chr22	C2	0	g03_malat1_3p_2812_chr22__warmup__baseline__0	baseline	generalization_core	fast_topk_score_stability_nt	93.8280402130913	NA	NA	NA	35651584	198688	0	0	0	0	0	0	NA	NA	NA	NA	NA	NA	NA	warmup	1	protocol_warmup	d4023f0281f5a50cfca15f61cac77d87839bff0f28b706e77f07801d91a852c3	phase3:g03_malat1_3p_2812_chr22__warmup__baseline__0/run-complete.json	9497d9fea59683218bdf47230662603e8cae467f1fba544d237950f5977b8a09	phase3
paper-data-v1-dccfd49-20260716	0	0d11aa2d61b7ccda59b462ab8e0750dad17ee18f	machine-aab56167c157	g03_malat1_3p_2812_chr22	C2	0	g03_malat1_3p_2812_chr22__warmup__candidate__0	candidate	generalization_core	fast_topk_score_stability_nt	5.3789746860275045	0.590078	NA	NA	17342398464	850432	869245	361094	0	0	0	0	NA	NA	NA	NA	NA	NA	NA	warmup	1	protocol_warmup	b062c068f644e74743fb7f730fdcd8084f0b9067f020892164ab56cb4bca31ff	phase3:g03_malat1_3p_2812_chr22__warmup__candidate__0/run-complete.json	e21622f53bfd5937267e4894bb01d1cffc1c9f5549d9934b9a0e3a74eee6f41a	phase3
paper-data-v1-dccfd49-20260716	0	0d11aa2d61b7ccda59b462ab8e0750dad17ee18f	machine-aab56167c157	g04_neat1_5p_2048_chr22	C2	1	g04_neat1_5p_2048_chr22__pair01__baseline__0	baseline	generalization_core	fast_topk_score_stability_nt	87.00791515596211	NA	NA	NA	35651584	206664	0	0	0	0	0	0	1	1	1	1	NA	41	47	clean	0	NA	6335101c98fe4e8f761c277a5de54ad55bcf455df92f9ff14f58b8e7ab64df57	phase3:g04_neat1_5p_2048_chr22__pair01__baseline__0/run-complete.json	273e549c5274025979010959a41c8d529a554a1e6b4b06cc10887c944e28a198	phase3
paper-data-v1-dccfd49-20260716	0	0d11aa2d61b7ccda59b462ab8e0750dad17ee18f	machine-aab56167c157	g04_neat1_5p_2048_chr22	C2	1	g04_neat1_5p_2048_chr22__pair01__candidate__0	candidate	generalization_core	fast_topk_score_stability_nt	5.096078827045858	0.394651	NA	NA	15803088896	749352	1027937	370654	0	0	0	0	1	1	1	1	NA	41	47	clean	0	NA	727a49613a2f5ccdbe49d7c215f8bf7938307772bfeaa7124336b64ce7ae826b	phase3:g04_neat1_5p_2048_chr22__pair01__candidate__0/run-complete.json	ce9e2bf93f05f06b8f14c1cb7ac2ca66bc6299ff46c3f7e93892fc455519173c	phase3
paper-data-v1-dccfd49-20260716	0	0d11aa2d61b7ccda59b462ab8e0750dad17ee18f	machine-aab56167c157	g04_neat1_5p_2048_chr22	C2	2	g04_neat1_5p_2048_chr22__pair02__baseline__0	baseline	generalization_core	fast_topk_score_stability_nt	86.14028862502892	NA	NA	NA	35651584	206632	0	0	0	0	0	0	1	1	1	1	NA	41	47	clean	0	NA	d84ba972904b66e568b9f7ee7856645886c1c6b8da477f0751fdfee7ebcd7e0d	phase3:g04_neat1_5p_2048_chr22__pair02__baseline__0/run-complete.json	3735355dcc98c534f5392c396f5daed76a86ec0261ee7721fa55c943d34b1e54	phase3
paper-data-v1-dccfd49-20260716	0	0d11aa2d61b7ccda59b462ab8e0750dad17ee18f	machine-aab56167c157	g04_neat1_5p_2048_chr22	C2	2	g04_neat1_5p_2048_chr22__pair02__candidate__0	candidate	generalization_core	fast_topk_score_stability_nt	5.129333421005867	0.401202	NA	NA	15803088896	749496	1027937	370654	0	0	0	0	1	1	1	1	NA	41	47	clean	0	NA	c9ec70f11936920cc19c0611f252b0dfb3b6dbbadc944c3750aa5a54b2328620	phase3:g04_neat1_5p_2048_chr22__pair02__candidate__0/run-complete.json	9e775eccc0f8db8028abb65558e6908a5c61d51d4032677459a03fa98dd375f7	phase3
paper-data-v1-dccfd49-20260716	0	0d11aa2d61b7ccda59b462ab8e0750dad17ee18f	machine-aab56167c157	g04_neat1_5p_2048_chr22	C2	3	g04_neat1_5p_2048_chr22__pair03__baseline__0	baseline	generalization_core	fast_topk_score_stability_nt	87.11339018307626	NA	NA	NA	35651584	206892	0	0	0	0	0	0	1	1	1	1	NA	41	47	clean	0	NA	b5c1500cce995edb41080ccd35a92c039787b3ac1b92e6de6857d8782074dd51	phase3:g04_neat1_5p_2048_chr22__pair03__baseline__0/run-complete.json	b6a9303fe1037d9707ff88ad0479ddf7176452e51adde43b6080ed917b5c9aec	phase3
paper-data-v1-dccfd49-20260716	0	0d11aa2d61b7ccda59b462ab8e0750dad17ee18f	machine-aab56167c157	g04_neat1_5p_2048_chr22	C2	3	g04_neat1_5p_2048_chr22__pair03__candidate__0	candidate	generalization_core	fast_topk_score_stability_nt	5.078136291005649	0.393135	NA	NA	15803088896	749468	1027937	370654	0	0	0	0	1	1	1	1	NA	41	47	clean	0	NA	6422ba549d21d633befe42351ebd8fbc88ccc6be1c2d072a9be768f5a56fc3bd	phase3:g04_neat1_5p_2048_chr22__pair03__candidate__0/run-complete.json	20dd14969033b5b8ddcaf9f51f9b473f3dba76309522a5f2f14d9ebb767bbd6a	phase3
paper-data-v1-dccfd49-20260716	0	0d11aa2d61b7ccda59b462ab8e0750dad17ee18f	machine-aab56167c157	g04_neat1_5p_2048_chr22	C2	0	g04_neat1_5p_2048_chr22__warmup__baseline__0	baseline	generalization_core	fast_topk_score_stability_nt	86.49567715008743	NA	NA	NA	35651584	206684	0	0	0	0	0	0	NA	NA	NA	NA	NA	NA	NA	warmup	1	protocol_warmup	5fb551ab85257e3d94bdc2f2f1f4aa2751e75b8ea0cfa5a75c7276f69f98a2a8	phase3:g04_neat1_5p_2048_chr22__warmup__baseline__0/run-complete.json	9d004f37930f6c87a1855351c0cb9a2599f0d900012dfdb16ce2b15bf45b80b6	phase3
paper-data-v1-dccfd49-20260716	0	0d11aa2d61b7ccda59b462ab8e0750dad17ee18f	machine-aab56167c157	g04_neat1_5p_2048_chr22	C2	0	g04_neat1_5p_2048_chr22__warmup__candidate__0	candidate	generalization_core	fast_topk_score_stability_nt	5.229190889047459	0.397653	NA	NA	15803088896	749264	1027937	370654	0	0	0	0	NA	NA	NA	NA	NA	NA	NA	warmup	1	protocol_warmup	133a1fcd6ea58b9adb9eff55916c3a484430b58c0eb0e301a4e549a37a12cfe5	phase3:g04_neat1_5p_2048_chr22__warmup__candidate__0/run-complete.json	a23d75f7dfa2752611449ee99464038a7bedd06f43bd7b492104156c6f23b4c5	phase3
paper-data-v1-dccfd49-20260716	0	0d11aa2d61b7ccda59b462ab8e0750dad17ee18f	machine-aab56167c157	g05_neat1_mid_2812_chr11	C2	1	g05_neat1_mid_2812_chr11__pair01__baseline__0	baseline	generalization_core	fast_topk_score_stability_nt	92.77881917590275	NA	NA	NA	35651584	197648	0	0	0	0	0	0	1	1	1	1	NA	151	165	clean	0	NA	1a53e3400bbf40ad26c5ef8b0ed2b28be31a9c0f70947e938e58a1462de7fd09	phase3:g05_neat1_mid_2812_chr11__pair01__baseline__0/run-complete.json	c9fe96d34308cbed73dc6c8fb2d279b4eb4c2c5e6e78881fad94888502569dc7	phase3
paper-data-v1-dccfd49-20260716	0	0d11aa2d61b7ccda59b462ab8e0750dad17ee18f	machine-aab56167c157	g05_neat1_mid_2812_chr11	C2	1	g05_neat1_mid_2812_chr11__pair01__candidate__0	candidate	generalization_core	fast_topk_score_stability_nt	5.230780042940751	0.58822	NA	NA	20729298944	863852	800639	332611	0	0	0	0	1	1	1	1	NA	151	165	clean	0	NA	1a075a6ceaf282f00b98ebf746116fffa1d503cc9a0e38f9bea029bfb7d62b18	phase3:g05_neat1_mid_2812_chr11__pair01__candidate__0/run-complete.json	5901b3f66f0c57d76f2da8a783c4f86f2ef22447a3c0d3dfa53200cefa31e872	phase3
paper-data-v1-dccfd49-20260716	0	0d11aa2d61b7ccda59b462ab8e0750dad17ee18f	machine-aab56167c157	g05_neat1_mid_2812_chr11	C2	2	g05_neat1_mid_2812_chr11__pair02__baseline__0	baseline	generalization_core	fast_topk_score_stability_nt	92.84468846500386	NA	NA	NA	35651584	197516	0	0	0	0	0	0	1	1	1	1	NA	151	166	clean	0	NA	7550323b5c53feaf1207d6fbcc56a18d63b50010cbe97df8017a224b65ffbb16	phase3:g05_neat1_mid_2812_chr11__pair02__baseline__0/run-complete.json	ff52c22081f245467389e0c89fa84b215160b5bc976eff7878d92c3782431014	phase3
paper-data-v1-dccfd49-20260716	0	0d11aa2d61b7ccda59b462ab8e0750dad17ee18f	machine-aab56167c157	g05_neat1_mid_2812_chr11	C2	2	g05_neat1_mid_2812_chr11__pair02__candidate__0	candidate	generalization_core	fast_topk_score_stability_nt	5.279929904965684	0.589756	NA	NA	20729298944	863088	800624	332611	0	0	0	0	1	1	1	1	NA	151	166	clean	0	NA	4781481eceebcd11262a20e709812c3320d5b7bcc57065fd43d8360e1186a625	phase3:g05_neat1_mid_2812_chr11__pair02__candidate__0/run-complete.json	9caf8827f68ad5ea760ed75dec988bca9a3c3e041b4e13e4a37c6ebc1f1823da	phase3
paper-data-v1-dccfd49-20260716	0	0d11aa2d61b7ccda59b462ab8e0750dad17ee18f	machine-aab56167c157	g05_neat1_mid_2812_chr11	C2	3	g05_neat1_mid_2812_chr11__pair03__baseline__0	baseline	generalization_core	fast_topk_score_stability_nt	92.66504347894806	NA	NA	NA	428867584	197536	0	0	0	0	0	0	1	1	1	1	NA	151	165	clean	0	NA	34f18eddf7661ed312d0cc9bcb19021e23cf93812dd1da3a398bb2d2c03af472	phase3:g05_neat1_mid_2812_chr11__pair03__baseline__0/run-complete.json	59e81785099a8175da05ac184443a1517d86dc63ac74f45dbef3e0d8d57e6160	phase3
paper-data-v1-dccfd49-20260716	0	0d11aa2d61b7ccda59b462ab8e0750dad17ee18f	machine-aab56167c157	g05_neat1_mid_2812_chr11	C2	3	g05_neat1_mid_2812_chr11__pair03__candidate__0	candidate	generalization_core	fast_topk_score_stability_nt	5.228863214026205	0.593287	NA	NA	20729298944	863260	800624	332611	0	0	0	0	1	1	1	1	NA	151	165	clean	0	NA	ed18ae59019a3162b4d40ad5f501c59424ad5de3cc6e2fec43619e8e4af1372b	phase3:g05_neat1_mid_2812_chr11__pair03__candidate__0/run-complete.json	24756f5d46f1cf33c39b3ab4f0c379a78cbebd244a40644bd66f219f5e69cbd0	phase3
paper-data-v1-dccfd49-20260716	0	0d11aa2d61b7ccda59b462ab8e0750dad17ee18f	machine-aab56167c157	g05_neat1_mid_2812_chr11	C2	0	g05_neat1_mid_2812_chr11__warmup__baseline__0	baseline	generalization_core	fast_topk_score_stability_nt	92.67396731709596	NA	NA	NA	428867584	197532	0	0	0	0	0	0	NA	NA	NA	NA	NA	NA	NA	warmup	1	protocol_warmup	cdf45fabd4d68974ae5e79aa31bfdec9b18b0f2a849e3f37de89bb2f9696a2d1	phase3:g05_neat1_mid_2812_chr11__warmup__baseline__0/run-complete.json	ca1730b5c07bc52da46c1144fa7693c2cf811b06ae502f02751b59561137ae78	phase3
paper-data-v1-dccfd49-20260716	0	0d11aa2d61b7ccda59b462ab8e0750dad17ee18f	machine-aab56167c157	g05_neat1_mid_2812_chr11	C2	0	g05_neat1_mid_2812_chr11__warmup__candidate__0	candidate	generalization_core	fast_topk_score_stability_nt	5.229849438066594	0.592167	NA	NA	20729298944	863200	800621	332611	0	0	0	0	NA	NA	NA	NA	NA	NA	NA	warmup	1	protocol_warmup	408770970da5bd4479d4d8f8625f773e691fbcbdee42052b852e2e78c1ea75aa	phase3:g05_neat1_mid_2812_chr11__warmup__candidate__0/run-complete.json	1f48694c47583672cf10af5a7c0564e781481d3512bdcec6bbfbac0a0f063f32	phase3
paper-data-v1-dccfd49-20260716	0	0d11aa2d61b7ccda59b462ab8e0750dad17ee18f	machine-aab56167c157	g06_neat1_3p_1024_chr21	C2	1	g06_neat1_3p_1024_chr21__pair01__baseline__0	baseline	generalization_core	fast_topk_score_stability_nt	50.99465015693568	NA	NA	NA	35651584	207168	0	0	0	0	0	0	1	1	1	1	NA	1	4	clean	0	NA	1f94ecc4bdbbd8ccb9b6b7c72ae95b171aa540e6f92accedcb834ee9c1131831	phase3:g06_neat1_3p_1024_chr21__pair01__baseline__0/run-complete.json	cea69d209b8150a3d4633005a0c2739ab4f58b5dfa8e8d7d45ed8a08b6eed869	phase3
paper-data-v1-dccfd49-20260716	0	0d11aa2d61b7ccda59b462ab8e0750dad17ee18f	machine-aab56167c157	g06_neat1_3p_1024_chr21	C2	1	g06_neat1_3p_1024_chr21__pair01__candidate__0	candidate	generalization_core	fast_topk_score_stability_nt	3.674406784004532	0.274298	NA	NA	7733248000	527740	852072	316008	0	0	0	0	1	1	1	1	NA	1	4	clean	0	NA	c2ecfcfa8eeccf75223650d4938fe8d2bb7e01dbb5943bf7e2c680db6e1ab97a	phase3:g06_neat1_3p_1024_chr21__pair01__candidate__0/run-complete.json	0c2ef57cbf4c0789ade36b293715b4ccd73419898b153d63d1e825f2135e0a35	phase3
paper-data-v1-dccfd49-20260716	0	0d11aa2d61b7ccda59b462ab8e0750dad17ee18f	machine-aab56167c157	g06_neat1_3p_1024_chr21	C2	2	g06_neat1_3p_1024_chr21__pair02__baseline__0	baseline	generalization_core	fast_topk_score_stability_nt	50.996518500032835	NA	NA	NA	35651584	207120	0	0	0	0	0	0	1	1	1	1	NA	1	4	clean	0	NA	a36023b044fe7fa8051488988d0988a89165b7b7a48315a5a941816b358db625	phase3:g06_neat1_3p_1024_chr21__pair02__baseline__0/run-complete.json	6de6538bcc9b3a7afd12772c7a6073f5b3c493a50821baaeea7d6c19d64d7a9f	phase3
paper-data-v1-dccfd49-20260716	0	0d11aa2d61b7ccda59b462ab8e0750dad17ee18f	machine-aab56167c157	g06_neat1_3p_1024_chr21	C2	2	g06_neat1_3p_1024_chr21__pair02__candidate__0	candidate	generalization_core	fast_topk_score_stability_nt	3.674829849973321	0.280917	NA	NA	7733248000	527684	852072	316008	0	0	0	0	1	1	1	1	NA	1	4	clean	0	NA	05bd5f48489bdf1fadf92282df74942c0e605fbd500127cae36466fcf62de201	phase3:g06_neat1_3p_1024_chr21__pair02__candidate__0/run-complete.json	9743e3531f7fd09633f845cc1f664db8725aba4106e5bc58ab163a7650e37eea	phase3
paper-data-v1-dccfd49-20260716	0	0d11aa2d61b7ccda59b462ab8e0750dad17ee18f	machine-aab56167c157	g06_neat1_3p_1024_chr21	C2	3	g06_neat1_3p_1024_chr21__pair03__baseline__0	baseline	generalization_core	fast_topk_score_stability_nt	50.89547067403328	NA	NA	NA	35651584	207416	0	0	0	0	0	0	1	1	1	1	NA	1	4	clean	0	NA	eee7732e703d80baac34985d034a09173c04b50bf72fbd370495528c63090092	phase3:g06_neat1_3p_1024_chr21__pair03__baseline__0/run-complete.json	a8f50e18bfa42d7b06804a1d04d26cda74552b63420c4ecf8004d5da545bd681	phase3
paper-data-v1-dccfd49-20260716	0	0d11aa2d61b7ccda59b462ab8e0750dad17ee18f	machine-aab56167c157	g06_neat1_3p_1024_chr21	C2	3	g06_neat1_3p_1024_chr21__pair03__candidate__0	candidate	generalization_core	fast_topk_score_stability_nt	3.7250066489214078	0.281099	NA	NA	7733248000	527800	852072	316008	0	0	0	0	1	1	1	1	NA	1	4	clean	0	NA	519cbfa9038f695c18c9de6957035c4233aa24351b4f89b17a84ca0c7ec5049f	phase3:g06_neat1_3p_1024_chr21__pair03__candidate__0/run-complete.json	471e79c803aec205335838cd14bdc5f4d4cfb06a8ef2231676003e34c5816745	phase3
paper-data-v1-dccfd49-20260716	0	0d11aa2d61b7ccda59b462ab8e0750dad17ee18f	machine-aab56167c157	g06_neat1_3p_1024_chr21	C2	0	g06_neat1_3p_1024_chr21__warmup__baseline__0	baseline	generalization_core	fast_topk_score_stability_nt	50.94505834009033	NA	NA	NA	35651584	207416	0	0	0	0	0	0	NA	NA	NA	NA	NA	NA	NA	warmup	1	protocol_warmup	9c3f1a566fa863c3a3c3ae2a0952b18b436f9e2d6398a406e20d2cce24dbbf6d	phase3:g06_neat1_3p_1024_chr21__warmup__baseline__0/run-complete.json	d16612194bc428bdb3d76ddc81d9533dbf6f8fdb8e88c3a8a4edbdf863f08eac	phase3
paper-data-v1-dccfd49-20260716	0	0d11aa2d61b7ccda59b462ab8e0750dad17ee18f	machine-aab56167c157	g06_neat1_3p_1024_chr21	C2	0	g06_neat1_3p_1024_chr21__warmup__candidate__0	candidate	generalization_core	fast_topk_score_stability_nt	3.674738663015887	0.278333	NA	NA	7733248000	527572	852072	316008	0	0	0	0	NA	NA	NA	NA	NA	NA	NA	warmup	1	protocol_warmup	d6d52b4a29587c87c3659b25d10cb4bc68bc489de8bff6839c87d9cb0d148596	phase3:g06_neat1_3p_1024_chr21__warmup__candidate__0/run-complete.json	95ffcba1cb6c6eb3656a6a6e03d7fa1e5259ce757b7dee6f9164b7c175355da7	phase3
paper-data-v1-dccfd49-20260716	0	0d11aa2d61b7ccda59b462ab8e0750dad17ee18f	machine-aab56167c157	g07_kcnq1ot1_5p_2812_chr21	C2	1	g07_kcnq1ot1_5p_2812_chr21__pair01__baseline__0	baseline	generalization_core	fast_topk_score_stability_nt	113.25956997903995	NA	NA	NA	35651584	199016	0	0	0	0	0	0	1	1	1	1	NA	9	9	clean	0	NA	cb1e21911943a69e4c84d7fb42884ce8822460e194485b9c0e52d4e97cd3f73f	phase3:g07_kcnq1ot1_5p_2812_chr21__pair01__baseline__0/run-complete.json	d42fcf7ee743c4e453c76bdf670eca90e137445381cd847308a1034f25a2d3e7	phase3
paper-data-v1-dccfd49-20260716	0	0d11aa2d61b7ccda59b462ab8e0750dad17ee18f	machine-aab56167c157	g07_kcnq1ot1_5p_2812_chr21	C2	1	g07_kcnq1ot1_5p_2812_chr21__pair01__candidate__0	candidate	generalization_core	fast_topk_score_stability_nt	4.852540013962425	0.60425	NA	NA	20729298944	847020	955115	281074	0	0	0	0	1	1	1	1	NA	9	9	clean	0	NA	d2ec4c1930c4f4c2040f674772f15eae997535619ae1268196fd6b5920fbc81f	phase3:g07_kcnq1ot1_5p_2812_chr21__pair01__candidate__0/run-complete.json	4e2f5119f8aec5371c275bff86846d59b9edcb498fa24033166626e306f7981b	phase3
paper-data-v1-dccfd49-20260716	0	0d11aa2d61b7ccda59b462ab8e0750dad17ee18f	machine-aab56167c157	g07_kcnq1ot1_5p_2812_chr21	C2	2	g07_kcnq1ot1_5p_2812_chr21__pair02__baseline__0	baseline	generalization_core	fast_topk_score_stability_nt	113.68164246098604	NA	NA	NA	35651584	198832	0	0	0	0	0	0	1	1	1	1	NA	9	9	clean	0	NA	e8f13c34ae5e5ef46f2be5dcc7a2e0e1c5acd0f25a31e2703af73992418b2cdf	phase3:g07_kcnq1ot1_5p_2812_chr21__pair02__baseline__0/run-complete.json	77e181127aa77fc2d146fc7bc58c1f653ed41b2f76a28b52578404f131a00647	phase3
paper-data-v1-dccfd49-20260716	0	0d11aa2d61b7ccda59b462ab8e0750dad17ee18f	machine-aab56167c157	g07_kcnq1ot1_5p_2812_chr21	C2	2	g07_kcnq1ot1_5p_2812_chr21__pair02__candidate__0	candidate	generalization_core	fast_topk_score_stability_nt	4.951811462990008	0.605133	NA	NA	20729298944	847164	955103	281074	0	0	0	0	1	1	1	1	NA	9	9	clean	0	NA	96a95e897150dad73c41dd0fb05ad7bfdefd8590eb1d70076d8825af73b176a8	phase3:g07_kcnq1ot1_5p_2812_chr21__pair02__candidate__0/run-complete.json	bfabc308c4d2e53603c90fd488d42abd7a961891bfb92f4fa302666100427f8f	phase3
paper-data-v1-dccfd49-20260716	0	0d11aa2d61b7ccda59b462ab8e0750dad17ee18f	machine-aab56167c157	g07_kcnq1ot1_5p_2812_chr21	C2	3	g07_kcnq1ot1_5p_2812_chr21__pair03__baseline__0	baseline	generalization_core	fast_topk_score_stability_nt	113.56226034509018	NA	NA	NA	35651584	199016	0	0	0	0	0	0	1	1	1	1	NA	9	9	clean	0	NA	718b1918d75eeb4831a43b461a38a659aaf4bc1c1f6bfbc5adf7f2d52e2e498c	phase3:g07_kcnq1ot1_5p_2812_chr21__pair03__baseline__0/run-complete.json	39b7248f8adc7ab27b844bf93676f145cc6853603f291ff04bc5b528d637c799	phase3
paper-data-v1-dccfd49-20260716	0	0d11aa2d61b7ccda59b462ab8e0750dad17ee18f	machine-aab56167c157	g07_kcnq1ot1_5p_2812_chr21	C2	3	g07_kcnq1ot1_5p_2812_chr21__pair03__candidate__0	candidate	generalization_core	fast_topk_score_stability_nt	4.927957448991947	0.603782	NA	NA	20729298944	847200	955115	281074	0	0	0	0	1	1	1	1	NA	9	9	clean	0	NA	f2f6d6183bd33513838477d9daa3eb43baf0df2e64012fa4478c3606eb7f566b	phase3:g07_kcnq1ot1_5p_2812_chr21__pair03__candidate__0/run-complete.json	3ec0248cb1d732033364a0e32149cbde72c1d08fb00f867d66848a29e717f45e	phase3
paper-data-v1-dccfd49-20260716	0	0d11aa2d61b7ccda59b462ab8e0750dad17ee18f	machine-aab56167c157	g07_kcnq1ot1_5p_2812_chr21	C2	0	g07_kcnq1ot1_5p_2812_chr21__warmup__baseline__0	baseline	generalization_core	fast_topk_score_stability_nt	112.16152012802195	NA	NA	NA	35651584	198816	0	0	0	0	0	0	NA	NA	NA	NA	NA	NA	NA	warmup	1	protocol_warmup	9bff25bf1997a436c31f1058628feb113166b41bcfffd274ce8856cf6dd352e8	phase3:g07_kcnq1ot1_5p_2812_chr21__warmup__baseline__0/run-complete.json	b06fdf030c89faedbf8270b8324ec1ffa8f69f46477846ef6b4da194a7b73a97	phase3
paper-data-v1-dccfd49-20260716	0	0d11aa2d61b7ccda59b462ab8e0750dad17ee18f	machine-aab56167c157	g07_kcnq1ot1_5p_2812_chr21	C2	0	g07_kcnq1ot1_5p_2812_chr21__warmup__candidate__0	candidate	generalization_core	fast_topk_score_stability_nt	4.9281458869809285	0.605715	NA	NA	20729298944	847192	955127	281074	0	0	0	0	NA	NA	NA	NA	NA	NA	NA	warmup	1	protocol_warmup	73e8cd82d13d3e8385ba261b485d5c46a3176f4ae1e3cd2edfe326dce3169e47	phase3:g07_kcnq1ot1_5p_2812_chr21__warmup__candidate__0/run-complete.json	f3d91ec1b902bdbd1b7f79ddb747f17c79e3b764ab36243e01c48ceeb529e64a	phase3
paper-data-v1-dccfd49-20260716	0	0d11aa2d61b7ccda59b462ab8e0750dad17ee18f	machine-aab56167c157	g08_kcnq1ot1_mid_1024_chr22	C2	1	g08_kcnq1ot1_mid_1024_chr22__pair01__baseline__0	baseline	generalization_core	fast_topk_score_stability_nt	51.35487241705414	NA	NA	NA	35651584	207288	0	0	0	0	0	0	1	1	1	1	NA	27	20	clean	0	NA	4f71d50f964843df991ea9af328eb2a10cf540a8b4e4a5bc70d283642ca66706	phase3:g08_kcnq1ot1_mid_1024_chr22__pair01__baseline__0/run-complete.json	700e29f3c5901183ffbc64ab475fc3deafd9c9d3e1dc856c9c32d3c08c4bbc13	phase3
paper-data-v1-dccfd49-20260716	0	0d11aa2d61b7ccda59b462ab8e0750dad17ee18f	machine-aab56167c157	g08_kcnq1ot1_mid_1024_chr22	C2	1	g08_kcnq1ot1_mid_1024_chr22__pair01__candidate__0	candidate	generalization_core	fast_topk_score_stability_nt	3.674576119054109	0.27152	NA	NA	7481589760	543572	945476	372742	0	0	0	0	1	1	1	1	NA	27	20	clean	0	NA	5240cc0dae90ebce983844b33496067ff1168f97cdfa98b27262b647b5c0c83c	phase3:g08_kcnq1ot1_mid_1024_chr22__pair01__candidate__0/run-complete.json	dcd757661a9f5d804a951c8ab016255518e53a81fc2f514c1c63759300535aad	phase3
paper-data-v1-dccfd49-20260716	0	0d11aa2d61b7ccda59b462ab8e0750dad17ee18f	machine-aab56167c157	g08_kcnq1ot1_mid_1024_chr22	C2	2	g08_kcnq1ot1_mid_1024_chr22__pair02__baseline__0	baseline	generalization_core	fast_topk_score_stability_nt	51.406918599968776	NA	NA	NA	35651584	207392	0	0	0	0	0	0	1	1	1	1	NA	27	20	clean	0	NA	e4aa27d63520d0f509b93ac7b60a5c8091a7a879b42518f145d0611c0c8365ec	phase3:g08_kcnq1ot1_mid_1024_chr22__pair02__baseline__0/run-complete.json	e34d655088e349342c8d5df4e0c1830ac8d4d0c9d9e3393ff4eef3ed37e34ee0	phase3
paper-data-v1-dccfd49-20260716	0	0d11aa2d61b7ccda59b462ab8e0750dad17ee18f	machine-aab56167c157	g08_kcnq1ot1_mid_1024_chr22	C2	2	g08_kcnq1ot1_mid_1024_chr22__pair02__candidate__0	candidate	generalization_core	fast_topk_score_stability_nt	3.6755219739861786	0.272562	NA	NA	7481589760	543360	945476	372742	0	0	0	0	1	1	1	1	NA	27	20	clean	0	NA	c274f417e97f3be1957c9fd66c357c55b1b6e111363494c9d1f059070e0502ba	phase3:g08_kcnq1ot1_mid_1024_chr22__pair02__candidate__0/run-complete.json	fd652beea00f699f6bb296ee356b808a0501366b8cb214e4719981084e6db354	phase3
paper-data-v1-dccfd49-20260716	0	0d11aa2d61b7ccda59b462ab8e0750dad17ee18f	machine-aab56167c157	g08_kcnq1ot1_mid_1024_chr22	C2	3	g08_kcnq1ot1_mid_1024_chr22__pair03__baseline__0	baseline	generalization_core	fast_topk_score_stability_nt	51.30792710906826	NA	NA	NA	35651584	207288	0	0	0	0	0	0	1	1	1	1	NA	27	20	clean	0	NA	f74e43f7214dbd0ea956654462af5b70053c0834af4e50b8dd834bd53c86ffb9	phase3:g08_kcnq1ot1_mid_1024_chr22__pair03__baseline__0/run-complete.json	f6d8719fccace736a02e5232595d0307d12bf2b2d92fcbeac3d5a7bd04c19510	phase3
paper-data-v1-dccfd49-20260716	0	0d11aa2d61b7ccda59b462ab8e0750dad17ee18f	machine-aab56167c157	g08_kcnq1ot1_mid_1024_chr22	C2	3	g08_kcnq1ot1_mid_1024_chr22__pair03__candidate__0	candidate	generalization_core	fast_topk_score_stability_nt	3.675604533054866	0.27213	NA	NA	7481589760	543616	945476	372742	0	0	0	0	1	1	1	1	NA	27	20	clean	0	NA	7ff50d48b858a0ecbffec5ffaec56275d52e84258a4802bfa4d9ce096ca31427	phase3:g08_kcnq1ot1_mid_1024_chr22__pair03__candidate__0/run-complete.json	6c962ae8be87f8ab8bc5b6d1ee06e64c45d969a219305d1d45aacc9ae564ac19	phase3
paper-data-v1-dccfd49-20260716	0	0d11aa2d61b7ccda59b462ab8e0750dad17ee18f	machine-aab56167c157	g08_kcnq1ot1_mid_1024_chr22	C2	0	g08_kcnq1ot1_mid_1024_chr22__warmup__baseline__0	baseline	generalization_core	fast_topk_score_stability_nt	51.30978273798246	NA	NA	NA	35651584	207416	0	0	0	0	0	0	NA	NA	NA	NA	NA	NA	NA	warmup	1	protocol_warmup	3dfdf10c731d9aea60b72bf4a4ae94c0a0d1c208fc2ea27da38a09a587633bbd	phase3:g08_kcnq1ot1_mid_1024_chr22__warmup__baseline__0/run-complete.json	e60b9a7a37043ad1f53b42b180e92884e6fe40d0fc27d9a7aede1bd444072a6d	phase3
paper-data-v1-dccfd49-20260716	0	0d11aa2d61b7ccda59b462ab8e0750dad17ee18f	machine-aab56167c157	g08_kcnq1ot1_mid_1024_chr22	C2	0	g08_kcnq1ot1_mid_1024_chr22__warmup__candidate__0	candidate	generalization_core	fast_topk_score_stability_nt	3.724836630979553	0.272743	NA	NA	7481589760	543440	945476	372742	0	0	0	0	NA	NA	NA	NA	NA	NA	NA	warmup	1	protocol_warmup	7cf176522b0783a97982f420a25a42bd556a0c8ebb7a21112dd32162ab4f61a0	phase3:g08_kcnq1ot1_mid_1024_chr22__warmup__candidate__0/run-complete.json	9b560f645b4e6c1357ef7d53ecf966396906be17da50f384930a416825e92653	phase3
paper-data-v1-dccfd49-20260716	0	0d11aa2d61b7ccda59b462ab8e0750dad17ee18f	machine-aab56167c157	g09_kcnq1ot1_3p_2048_chr11	C2	1	g09_kcnq1ot1_3p_2048_chr11__pair01__baseline__0	baseline	generalization_core	fast_topk_score_stability_nt	70.76214665605221	NA	NA	NA	35651584	207008	0	0	0	0	0	0	1	1	0	1	NA	43	51	mismatch	0	NA	1e3100edd849629123ef20ad40acaf84ffaee24edb4c03c88922d5524b68fc23	phase3:g09_kcnq1ot1_3p_2048_chr11__pair01__baseline__0/run-complete.json	123872a5c95815ea591962e4339c17dde59b4e746f92a2a477ecf286ddf4c638	phase3
paper-data-v1-dccfd49-20260716	0	0d11aa2d61b7ccda59b462ab8e0750dad17ee18f	machine-aab56167c157	g09_kcnq1ot1_3p_2048_chr11	C2	1	g09_kcnq1ot1_3p_2048_chr11__pair01__candidate__0	candidate	generalization_core	fast_topk_score_stability_nt	3.475161488982849	0.397054	NA	NA	15803088896	715560	707290	315956	0	0	0	0	1	1	0	1	NA	43	51	mismatch	0	NA	2aa4a8f69b5ef3fee74919559a83df9a19ae8962af724775d74b102942ae79ce	phase3:g09_kcnq1ot1_3p_2048_chr11__pair01__candidate__0/run-complete.json	f419cec0520f05d64ee4e1114bb14c056157ed5888a51c82a782cb25867c6414	phase3
paper-data-v1-dccfd49-20260716	0	0d11aa2d61b7ccda59b462ab8e0750dad17ee18f	machine-aab56167c157	g09_kcnq1ot1_3p_2048_chr11	C2	2	g09_kcnq1ot1_3p_2048_chr11__pair02__baseline__0	baseline	generalization_core	fast_topk_score_stability_nt	70.81007815792691	NA	NA	NA	35651584	207032	0	0	0	0	0	0	1	1	0	1	NA	43	51	mismatch	0	NA	4a076b6efe5b04caf50bc81f8f656b48ef1cbf9786486ce467a7791c55fca9ce	phase3:g09_kcnq1ot1_3p_2048_chr11__pair02__baseline__0/run-complete.json	ad54759f52bf1d105071ff7e10ab695bf6608b27669e1e856c18750dfb7fc847	phase3
paper-data-v1-dccfd49-20260716	0	0d11aa2d61b7ccda59b462ab8e0750dad17ee18f	machine-aab56167c157	g09_kcnq1ot1_3p_2048_chr11	C2	2	g09_kcnq1ot1_3p_2048_chr11__pair02__candidate__0	candidate	generalization_core	fast_topk_score_stability_nt	3.4746248020092025	0.399005	NA	NA	15803088896	715764	707290	315956	0	0	0	0	1	1	0	1	NA	43	51	mismatch	0	NA	820e320e2084fc33a34b364ff7ad07943de1bf02dbcfa434cc85ae3d670bb76d	phase3:g09_kcnq1ot1_3p_2048_chr11__pair02__candidate__0/run-complete.json	ac4cbadba6ffe6da7fa76100419bf5953f0fb2e5c48e359c8d02d187943fe1a2	phase3
paper-data-v1-dccfd49-20260716	0	0d11aa2d61b7ccda59b462ab8e0750dad17ee18f	machine-aab56167c157	g09_kcnq1ot1_3p_2048_chr11	C2	3	g09_kcnq1ot1_3p_2048_chr11__pair03__baseline__0	baseline	generalization_core	fast_topk_score_stability_nt	70.70876164198853	NA	NA	NA	500170752	206864	0	0	0	0	0	0	1	1	0	1	NA	43	51	mismatch	0	NA	e3d67b362e1c6705fbb1929fe6beb6f5fb4870293f4a6aa5e74b15e4dea67204	phase3:g09_kcnq1ot1_3p_2048_chr11__pair03__baseline__0/run-complete.json	fe4e2c0e4858e9eafab9c9c7f9c34d7daf5e108e5da4603fc28c44badb42a8de	phase3
paper-data-v1-dccfd49-20260716	0	0d11aa2d61b7ccda59b462ab8e0750dad17ee18f	machine-aab56167c157	g09_kcnq1ot1_3p_2048_chr11	C2	3	g09_kcnq1ot1_3p_2048_chr11__pair03__candidate__0	candidate	generalization_core	fast_topk_score_stability_nt	3.4875565479742363	0.3962	NA	NA	15803088896	715680	707290	315956	0	0	0	0	1	1	0	1	NA	43	51	mismatch	0	NA	174df2243f0b36d647a2f12199100e916852686450ce9c69adc6c06a4f22b6fd	phase3:g09_kcnq1ot1_3p_2048_chr11__pair03__candidate__0/run-complete.json	2d0c48d2a7834572173e0f74ec6b36292ac746c8bd2af4afa172b5ba7bf356ff	phase3
paper-data-v1-dccfd49-20260716	0	0d11aa2d61b7ccda59b462ab8e0750dad17ee18f	machine-aab56167c157	g09_kcnq1ot1_3p_2048_chr11	C2	0	g09_kcnq1ot1_3p_2048_chr11__warmup__baseline__0	baseline	generalization_core	fast_topk_score_stability_nt	70.8548560430063	NA	NA	NA	35651584	207076	0	0	0	0	0	0	NA	NA	NA	NA	NA	NA	NA	warmup	1	protocol_warmup	5eab3916708438629dc8dc8cc9912737b1c67c341c6c96db7c4835b57b2a07c7	phase3:g09_kcnq1ot1_3p_2048_chr11__warmup__baseline__0/run-complete.json	ed1ef1a470f691ae5d4a2dcf687f3322bb5b83cda9d92d70550a287ea0af1c98	phase3
paper-data-v1-dccfd49-20260716	0	0d11aa2d61b7ccda59b462ab8e0750dad17ee18f	machine-aab56167c157	g09_kcnq1ot1_3p_2048_chr11	C2	0	g09_kcnq1ot1_3p_2048_chr11__warmup__candidate__0	candidate	generalization_core	fast_topk_score_stability_nt	3.4742329000728205	0.396964	NA	NA	15803088896	715548	707290	315956	0	0	0	0	NA	NA	NA	NA	NA	NA	NA	warmup	1	protocol_warmup	4eb14a9742f844b130118fdffa5da963c1864c07c3470fae9d8715fd31b62106	phase3:g09_kcnq1ot1_3p_2048_chr11__warmup__candidate__0/run-complete.json	71b203ecba9b19d1001a3538d8b93ffd173e80664cab9d1c711ac546971dc8ef	phase3
paper-data-v1-dccfd49-20260716	0	0d11aa2d61b7ccda59b462ab8e0750dad17ee18f	machine-aab56167c157	g10_h19_full_chr11	C2	1	g10_h19_full_chr11__pair01__baseline__0	baseline	breadth	fast_topk_score_stability_nt	116.01255977805704	NA	NA	NA	35651584	198428	0	0	0	0	0	0	1	1	1	1	NA	238	268	clean	0	NA	b30ff4003ebeed51561caecf71f149e6b5f42a2d44212db094ca0c9567cb01de	phase3:g10_h19_full_chr11__pair01__baseline__0/run-complete.json	11c5a6cdd6cffb3c1545d6b3aa3c46a1cc09d99381e65ae80500f405feb76a15	phase3
paper-data-v1-dccfd49-20260716	0	0d11aa2d61b7ccda59b462ab8e0750dad17ee18f	machine-aab56167c157	g10_h19_full_chr11	C2	1	g10_h19_full_chr11__pair01__candidate__0	candidate	breadth	fast_topk_score_stability_nt	5.831575772957876	0.604164	NA	NA	20729298944	881352	1060302	337167	0	0	0	0	1	1	1	1	NA	238	268	clean	0	NA	da39350e77c189f3d4c17cec0e7411c48b7793e89af1ec327f196b470fadcb34	phase3:g10_h19_full_chr11__pair01__candidate__0/run-complete.json	a7fc58a2cb1777bc186de1bcace0554e451bfff8932a343dd219631f45151403	phase3
paper-data-v1-dccfd49-20260716	0	0d11aa2d61b7ccda59b462ab8e0750dad17ee18f	machine-aab56167c157	g10_h19_full_chr11	C2	0	g10_h19_full_chr11__warmup__baseline__0	baseline	breadth	fast_topk_score_stability_nt	115.91948961594608	NA	NA	NA	35651584	198308	0	0	0	0	0	0	NA	NA	NA	NA	NA	NA	NA	warmup	1	protocol_warmup	e471b0e8456f29890af372ac82b4a4d18bc6e3e733002f620318dadc7d757be0	phase3:g10_h19_full_chr11__warmup__baseline__0/run-complete.json	5c7ffdba32d6bad4bd1d23fb5348679743af12690337fa0fd4da0610b94613bf	phase3
paper-data-v1-dccfd49-20260716	0	0d11aa2d61b7ccda59b462ab8e0750dad17ee18f	machine-aab56167c157	g10_h19_full_chr11	C2	0	g10_h19_full_chr11__warmup__candidate__0	candidate	breadth	fast_topk_score_stability_nt	5.846661124960519	0.604798	NA	NA	20729298944	881648	1060302	337167	0	0	0	0	NA	NA	NA	NA	NA	NA	NA	warmup	1	protocol_warmup	df0c6d7fe2063479ff5fe9d3236a8110797fa487fde9d994bb5de5b0da843885	phase3:g10_h19_full_chr11__warmup__candidate__0/run-complete.json	2a257e62c5ca365691dc8c887eba7324358ce527e404b34bf0c5a5622d82ab26	phase3
paper-data-v1-dccfd49-20260716	0	0d11aa2d61b7ccda59b462ab8e0750dad17ee18f	machine-aab56167c157	g11_h19_full_chr21	C2	1	g11_h19_full_chr21__pair01__baseline__0	baseline	breadth	fast_topk_score_stability_nt	114.05731801898219	NA	NA	NA	35651584	198344	0	0	0	0	0	0	1	1	1	1	NA	106	106	clean	0	NA	a745dca44ba6dcbe5162cad285450e84586abccf4ae6497c3c88e92217167caa	phase3:g11_h19_full_chr21__pair01__baseline__0/run-complete.json	806eda0c6fc2981720d68bef0975e242113b42461b50ca70ee0ebfc833bee7c8	phase3
paper-data-v1-dccfd49-20260716	0	0d11aa2d61b7ccda59b462ab8e0750dad17ee18f	machine-aab56167c157	g11_h19_full_chr21	C2	1	g11_h19_full_chr21__pair01__candidate__0	candidate	breadth	fast_topk_score_stability_nt	5.580489463056438	0.594528	NA	NA	20729298944	850652	1034928	312918	0	0	0	0	1	1	1	1	NA	106	106	clean	0	NA	a766c3af3985d567d989cfbd4f45ec5d6b3cf36979597a9072d185de664b2bdb	phase3:g11_h19_full_chr21__pair01__candidate__0/run-complete.json	45d33ee6000e8174d3dcc787bb55dd4729d5f1b90420a66a09fe0eafccd65d03	phase3
paper-data-v1-dccfd49-20260716	0	0d11aa2d61b7ccda59b462ab8e0750dad17ee18f	machine-aab56167c157	g11_h19_full_chr21	C2	0	g11_h19_full_chr21__warmup__baseline__0	baseline	breadth	fast_topk_score_stability_nt	114.11734050197992	NA	NA	NA	35651584	198452	0	0	0	0	0	0	NA	NA	NA	NA	NA	NA	NA	warmup	1	protocol_warmup	5a8e215fa2d79e3b7eda06883147ef6d89e59cf546179b9a1b84bbd25e0631ab	phase3:g11_h19_full_chr21__warmup__baseline__0/run-complete.json	c456c138ef622b8e21cd1d16cbd96ddecd81809cdf139b2c2c3b70befc6676bd	phase3
paper-data-v1-dccfd49-20260716	0	0d11aa2d61b7ccda59b462ab8e0750dad17ee18f	machine-aab56167c157	g11_h19_full_chr21	C2	0	g11_h19_full_chr21__warmup__candidate__0	candidate	breadth	fast_topk_score_stability_nt	5.5799024580046535	0.602993	NA	NA	20729298944	850496	1034928	312918	0	0	0	0	NA	NA	NA	NA	NA	NA	NA	warmup	1	protocol_warmup	ac602c0c39357cc012e16c8aa9e1519315a6d3b6aac22ab62ea5348a9daae606	phase3:g11_h19_full_chr21__warmup__candidate__0/run-complete.json	445654b2e1179485d7ec62ee639ee17ab609fc4ce2d133f86cbcf1dc34ae1106	phase3
paper-data-v1-dccfd49-20260716	0	0d11aa2d61b7ccda59b462ab8e0750dad17ee18f	machine-aab56167c157	g12_h19_full_chr22	C2	1	g12_h19_full_chr22__pair01__baseline__0	baseline	breadth	fast_topk_score_stability_nt	115.96162993903272	NA	NA	NA	35651584	198292	0	0	0	0	0	0	1	0	1	1	NA	217	235	mismatch	0	NA	c058181347c30a24a9b03efb1884b174da3ef9ffb2d6e79abc02717f3e5d8360	phase3:g12_h19_full_chr22__pair01__baseline__0/run-complete.json	ef0d58375b348b3d91b1eb3104b3f786d5f5cbce84f291b23632d106a4de3011	phase3
paper-data-v1-dccfd49-20260716	0	0d11aa2d61b7ccda59b462ab8e0750dad17ee18f	machine-aab56167c157	g12_h19_full_chr22	C2	1	g12_h19_full_chr22__pair01__candidate__0	candidate	breadth	fast_topk_score_stability_nt	5.693665407947265	0.59526	NA	NA	20729298944	873012	1029034	324335	0	0	0	0	1	0	1	1	NA	217	235	mismatch	0	NA	575228866e90585bfc545846b75ab788aa2b6d997607a6ca8a78fdc8c304ff2f	phase3:g12_h19_full_chr22__pair01__candidate__0/run-complete.json	f840d2e027b0d5feb93d1310fec4b5dba880d07f6fb2e53a14ac86d141205490	phase3
paper-data-v1-dccfd49-20260716	0	0d11aa2d61b7ccda59b462ab8e0750dad17ee18f	machine-aab56167c157	g12_h19_full_chr22	C2	0	g12_h19_full_chr22__warmup__baseline__0	baseline	breadth	fast_topk_score_stability_nt	115.03011848393362	NA	NA	NA	35651584	198424	0	0	0	0	0	0	NA	NA	NA	NA	NA	NA	NA	warmup	1	protocol_warmup	161667b977fbd24233558db07e5f61b3945c1122fd935fb753b193d7623f3dca	phase3:g12_h19_full_chr22__warmup__baseline__0/run-complete.json	283537b06c93fddf30eff0118fb05f6fb2e8f3c5fb4fdddbbb1e73ea6a6293bb	phase3
paper-data-v1-dccfd49-20260716	0	0d11aa2d61b7ccda59b462ab8e0750dad17ee18f	machine-aab56167c157	g12_h19_full_chr22	C2	0	g12_h19_full_chr22__warmup__candidate__0	candidate	breadth	fast_topk_score_stability_nt	5.7563840369693935	0.60172	NA	NA	20729298944	871156	1029037	324335	0	0	0	0	NA	NA	NA	NA	NA	NA	NA	warmup	1	protocol_warmup	122a6b4be056aa17564239bb0ee906d6aac202a38ad575142f5070a695021d78	phase3:g12_h19_full_chr22__warmup__candidate__0/run-complete.json	0632002df2db309d16637e3d421344e1f4255351500c727faaf3197193d0728b	phase3
paper-data-v1-dccfd49-20260716	0	0d11aa2d61b7ccda59b462ab8e0750dad17ee18f	machine-aab56167c157	g13_meg3_full_chr11	C2	1	g13_meg3_full_chr11__pair01__baseline__0	baseline	breadth	fast_topk_score_stability_nt	70.31656244699843	NA	NA	NA	35651584	221088	0	0	0	0	0	0	1	1	1	1	NA	75	64	clean	0	NA	debe97042f4e20b4a0c6c095c5399ee12db80eb0bf43c15cb0eb4ea09b685582	phase3:g13_meg3_full_chr11__pair01__baseline__0/run-complete.json	ec5b93e0495ae078f793965657fbcc924a805f2dabcd0514ab0ed13cf9d72d2f	phase3
paper-data-v1-dccfd49-20260716	0	0d11aa2d61b7ccda59b462ab8e0750dad17ee18f	machine-aab56167c157	g13_meg3_full_chr11	C2	1	g13_meg3_full_chr11__pair01__candidate__0	candidate	breadth	fast_topk_score_stability_nt	4.528331688023172	0.33886	NA	NA	10918821888	639324	1032452	389923	0	0	0	0	1	1	1	1	NA	75	64	clean	0	NA	0b13400d1a72ce7b8edf86c7e2ec182376bf558512f86e37069bf9b1b65683ef	phase3:g13_meg3_full_chr11__pair01__candidate__0/run-complete.json	dd50a2dc9a21d4c1a645c08bfb01539fc28a36e80de6e07cb0f6906de3f17582	phase3
paper-data-v1-dccfd49-20260716	0	0d11aa2d61b7ccda59b462ab8e0750dad17ee18f	machine-aab56167c157	g13_meg3_full_chr11	C2	0	g13_meg3_full_chr11__warmup__baseline__0	baseline	breadth	fast_topk_score_stability_nt	70.2642024459783	NA	NA	NA	35651584	221044	0	0	0	0	0	0	NA	NA	NA	NA	NA	NA	NA	warmup	1	protocol_warmup	bfb313a30018c8cc55e2477db626a2b65ca77ecfa8e16be2213be53132fd401d	phase3:g13_meg3_full_chr11__warmup__baseline__0/run-complete.json	5a16e01de22846b1049a17e58c26edd380913a9d1eaebff3e99c86ef5306d1e2	phase3
paper-data-v1-dccfd49-20260716	0	0d11aa2d61b7ccda59b462ab8e0750dad17ee18f	machine-aab56167c157	g13_meg3_full_chr11	C2	0	g13_meg3_full_chr11__warmup__candidate__0	candidate	breadth	fast_topk_score_stability_nt	4.477488019969314	0.334423	NA	NA	10918821888	639592	1032452	389923	0	0	0	0	NA	NA	NA	NA	NA	NA	NA	warmup	1	protocol_warmup	b72ffac42503b35dd6323277379f2a98d2a644860b085ed4ac62aecfd86513f2	phase3:g13_meg3_full_chr11__warmup__candidate__0/run-complete.json	4d9abbc372b0291f9e97268e73d65b08a8664f64d706295b726dca21b397ebd1	phase3
paper-data-v1-dccfd49-20260716	0	0d11aa2d61b7ccda59b462ab8e0750dad17ee18f	machine-aab56167c157	n01_malat1_full_guard	C3	0	n01_malat1_full_guard__pair00__preflight__0	preflight	negative_control	preflight_guard_only	0.0	NA	NA	NA	35651584	NA	0	0	0	0	0	0	NA	NA	NA	NA	NA	NA	NA	guarded	1	preflight_guard_not_performance	335dc514ec90df54f9ef65cffa54411d508c26de556165c277108ac0cecebcd2	phase3:n01_malat1_full_guard__pair00__preflight__0/run-complete.json	c8746df5fe01d1e90491a4d567ab0e91ae36a873771e00237e00a1aad451f817	phase3
paper-data-v1-dccfd49-20260716	0	0d11aa2d61b7ccda59b462ab8e0750dad17ee18f	machine-aab56167c157	n02_neat1_full_guard	C3	0	n02_neat1_full_guard__pair00__preflight__0	preflight	negative_control	preflight_guard_only	0.0	NA	NA	NA	35651584	NA	0	0	0	0	0	0	NA	NA	NA	NA	NA	NA	NA	guarded	1	preflight_guard_not_performance	61450fe329517a3d45feaf23b2296fb0057042ab302bf484a795ec7c31481363	phase3:n02_neat1_full_guard__pair00__preflight__0/run-complete.json	000fe39f2bdb86c8928954f2ddc2580f813c72b92ab56bb5d94f9ed4747a25a4	phase3
paper-data-v1-dccfd49-20260716	0	0d11aa2d61b7ccda59b462ab8e0750dad17ee18f	machine-aab56167c157	n03_kcnq1ot1_full_guard	C3	0	n03_kcnq1ot1_full_guard__pair00__preflight__0	preflight	negative_control	preflight_guard_only	0.0	NA	NA	NA	35651584	NA	0	0	0	0	0	0	NA	NA	NA	NA	NA	NA	NA	guarded	1	preflight_guard_not_performance	2f33fd6f60c88b95dd8943a6b5bcd1963817f40b866c6f8bb5123b98b12a99f2	phase3:n03_kcnq1ot1_full_guard__pair00__preflight__0/run-complete.json	46925ea2f4087a29cecd1f1629d4a244039d0aa86e342a40497652c7be785501	phase3
paper-data-v1-dccfd49-20260716	0	0d11aa2d61b7ccda59b462ab8e0750dad17ee18f	machine-aab56167c157	c5_archive_h19_2mb	C5	1	c5_archive_h19_2mb__pair01__baseline__0	baseline	core	archive_restore_only	3.2742705000564456	0.329458	NA	NA	20729298944	846440	564454	175193	0	0	0	0	1	1	1	1	1	0	0	clean	0	NA	39506faeaebb38764b78c937a2d8da1f6592c076dc59d7f286996a4e49fcc900	phase4:c5_archive_h19_2mb__pair01__baseline__0/run-complete.json	7f708178d8faa8ea8ab41db456bf10b00b5c4809d0bfbeec80f7348550158362	phase4
paper-data-v1-dccfd49-20260716	0	0d11aa2d61b7ccda59b462ab8e0750dad17ee18f	machine-aab56167c157	c5_archive_h19_2mb	C5	1	c5_archive_h19_2mb__pair01__candidate__0	candidate	core	archive_restore_only	2.471376902074553	0.329308	NA	NA	20729298944	862552	564454	175193	0	0	0	0	1	1	1	1	1	0	0	clean	0	NA	43c425ce3085e6b6a391c6e4784e474a6c1cdb0e897750891811d2082a7347c9	phase4:c5_archive_h19_2mb__pair01__candidate__0/run-complete.json	7352bfeb512ededde0b9e6a6b7984ddeae871c6270bf8062951270339f319648	phase4
paper-data-v1-dccfd49-20260716	0	0d11aa2d61b7ccda59b462ab8e0750dad17ee18f	machine-aab56167c157	c5_archive_h19_2mb	C5	2	c5_archive_h19_2mb__pair02__baseline__0	baseline	core	archive_restore_only	3.274251295020804	0.329908	NA	NA	20729298944	846164	564454	175193	0	0	0	0	1	1	1	1	1	0	0	clean	0	NA	90047fb9d84c073ef8b25fe079720d7b8755172cb15c8a4c6a5b4e8f7a3dc345	phase4:c5_archive_h19_2mb__pair02__baseline__0/run-complete.json	85fddc14e7c7f2285467f12ea36379034b738aa1b4096af791e07f550cc363e8	phase4
paper-data-v1-dccfd49-20260716	0	0d11aa2d61b7ccda59b462ab8e0750dad17ee18f	machine-aab56167c157	c5_archive_h19_2mb	C5	2	c5_archive_h19_2mb__pair02__candidate__0	candidate	core	archive_restore_only	2.5487816230161116	0.331089	NA	NA	20729298944	862356	564454	175193	0	0	0	0	1	1	1	1	1	0	0	clean	0	NA	3407c8000eadb6d1228da5a64882caa496d1d4ae777a638b4141ebb397b42f23	phase4:c5_archive_h19_2mb__pair02__candidate__0/run-complete.json	cfdde0431e3500c40ae08150183a5860246a39d0c10debc2501af82407860357	phase4
paper-data-v1-dccfd49-20260716	0	0d11aa2d61b7ccda59b462ab8e0750dad17ee18f	machine-aab56167c157	c5_archive_h19_2mb	C5	3	c5_archive_h19_2mb__pair03__baseline__0	baseline	core	archive_restore_only	3.3062038589268923	0.329321	NA	NA	20729298944	846148	564454	175193	0	0	0	0	1	1	1	1	1	0	0	clean	0	NA	4baea863fd7f48926e02bb637c63eb04ba00629254965913db7dbb8d3318f859	phase4:c5_archive_h19_2mb__pair03__baseline__0/run-complete.json	2805e88bf0939278472fe3a4021405c9b3eca66a66397ac362573d0efa5abb4f	phase4
paper-data-v1-dccfd49-20260716	0	0d11aa2d61b7ccda59b462ab8e0750dad17ee18f	machine-aab56167c157	c5_archive_h19_2mb	C5	3	c5_archive_h19_2mb__pair03__candidate__0	candidate	core	archive_restore_only	2.471505149966106	0.329633	NA	NA	20729298944	862008	564454	175193	0	0	0	0	1	1	1	1	1	0	0	clean	0	NA	478613a2f72063914eddc6ff8c5969e14239549bb4df8922a0454f6743c0bb26	phase4:c5_archive_h19_2mb__pair03__candidate__0/run-complete.json	0e656c84ff9a7eecebf8de6f125bffcaa46ac6fdf13ba4f79e97a3f02fe126c1	phase4
paper-data-v1-dccfd49-20260716	0	0d11aa2d61b7ccda59b462ab8e0750dad17ee18f	machine-aab56167c157	c5_archive_h19_2mb	C5	0	c5_archive_h19_2mb__warmup__baseline__0	baseline	core	archive_restore_only	3.328474533976987	0.332332	NA	NA	20729298944	846380	564454	175193	0	0	0	0	NA	NA	NA	NA	NA	NA	NA	warmup	1	protocol_warmup	de936f4339af06c1f5e48a391371fccb2793da6ab157bd9d1206d73d5abfffe5	phase4:c5_archive_h19_2mb__warmup__baseline__0/run-complete.json	dbdf50f97b37f5c2a36e4be62f2815abd45a2bd742bd2059a0bfe45b30a4ede2	phase4
paper-data-v1-dccfd49-20260716	0	0d11aa2d61b7ccda59b462ab8e0750dad17ee18f	machine-aab56167c157	c5_archive_h19_2mb	C5	0	c5_archive_h19_2mb__warmup__candidate__0	candidate	core	archive_restore_only	2.4711402469547465	0.330045	NA	NA	20729298944	862216	564454	175193	0	0	0	0	NA	NA	NA	NA	NA	NA	NA	warmup	1	protocol_warmup	b372c911e410e4194e30aa5de13817b73c0c49312ddb76da0e4cdde59b063af8	phase4:c5_archive_h19_2mb__warmup__candidate__0/run-complete.json	da0cde174b7006cba2edd526218c5af163ac17aa701da5572b4c0f959327f7f4	phase4
paper-data-v1-dccfd49-20260716	0	0d11aa2d61b7ccda59b462ab8e0750dad17ee18f	machine-aab56167c157	c5_archive_large_synthetic	C5	1	c5_archive_large_synthetic__pair01__baseline__0	baseline	core	archive_restore_only	1.7696373430080712	NA	NA	NA	35651584	43868	0	0	0	0	0	0	NA	NA	NA	NA	1	0	0	clean	0	NA	9d17bfe5de52f9e2c3507d0b62b885aeceba45446b81798a00195cb138f33d8e	phase4:c5_archive_large_synthetic__pair01__baseline__0/run-complete.json	23fabf0977830d22d4bd93c557caa6691dc9784c5e7f16c60576bc15a43f8134	phase4
paper-data-v1-dccfd49-20260716	0	0d11aa2d61b7ccda59b462ab8e0750dad17ee18f	machine-aab56167c157	c5_archive_large_synthetic	C5	1	c5_archive_large_synthetic__pair01__candidate__0	candidate	core	archive_restore_only	2.227552190073766	NA	NA	NA	35651584	29120	0	0	0	0	0	0	NA	NA	NA	NA	1	0	0	clean	0	NA	25c3a6661212a2ca8410d23e91c624a61aeb65ff4404f236985a10da0d4d4f53	phase4:c5_archive_large_synthetic__pair01__candidate__0/run-complete.json	702a1e80fe28f797fe6830f93d31d5834778192e3d4f28b07d3421afa57e1f9b	phase4
paper-data-v1-dccfd49-20260716	0	0d11aa2d61b7ccda59b462ab8e0750dad17ee18f	machine-aab56167c157	c5_archive_large_synthetic	C5	2	c5_archive_large_synthetic__pair02__baseline__0	baseline	core	archive_restore_only	1.719192182063125	NA	NA	NA	35651584	43836	0	0	0	0	0	0	NA	NA	NA	NA	1	0	0	clean	0	NA	29adf63c33e04b881286f6797a80e1fc9cfa56db0c3fb9795267d21dec694021	phase4:c5_archive_large_synthetic__pair02__baseline__0/run-complete.json	ef164229c5a0f16e607bc78773d8ee006cb3fcf2a34a48a90526ae2fc454b3ea	phase4
paper-data-v1-dccfd49-20260716	0	0d11aa2d61b7ccda59b462ab8e0750dad17ee18f	machine-aab56167c157	c5_archive_large_synthetic	C5	2	c5_archive_large_synthetic__pair02__candidate__0	candidate	core	archive_restore_only	2.171019996982068	NA	NA	NA	35651584	29264	0	0	0	0	0	0	NA	NA	NA	NA	1	0	0	clean	0	NA	cfe7b65ec6366ed11ca7de333e17bb4208c18084d6d6b6d24193814d00361588	phase4:c5_archive_large_synthetic__pair02__candidate__0/run-complete.json	6665b10650d196e0367ed422894c4013e8edb6d022a88be3c2ecf751cf2dee82	phase4
paper-data-v1-dccfd49-20260716	0	0d11aa2d61b7ccda59b462ab8e0750dad17ee18f	machine-aab56167c157	c5_archive_large_synthetic	C5	3	c5_archive_large_synthetic__pair03__baseline__0	baseline	core	archive_restore_only	1.7192146400921047	NA	NA	NA	35651584	44084	0	0	0	0	0	0	NA	NA	NA	NA	1	0	0	clean	0	NA	7504eb1a23877192b3380c92b06dc50d8269f94ede0285e9621b392a4a7ae7ac	phase4:c5_archive_large_synthetic__pair03__baseline__0/run-complete.json	2e6a08f7351f25eb57e1a33fb94a9134718811b4213592c84c7bd6945611d7ce	phase4
paper-data-v1-dccfd49-20260716	0	0d11aa2d61b7ccda59b462ab8e0750dad17ee18f	machine-aab56167c157	c5_archive_large_synthetic	C5	3	c5_archive_large_synthetic__pair03__candidate__0	candidate	core	archive_restore_only	2.198317912989296	NA	NA	NA	35651584	29040	0	0	0	0	0	0	NA	NA	NA	NA	1	0	0	clean	0	NA	2c7a66cad666ccd8b78ba8e402192411f1682f1b1530677cdecfe5f7324976b5	phase4:c5_archive_large_synthetic__pair03__candidate__0/run-complete.json	84f113305afaed3eff5e8930565a5a8c6e512030f5db9837a286fbd09c1c3c8f	phase4
paper-data-v1-dccfd49-20260716	0	0d11aa2d61b7ccda59b462ab8e0750dad17ee18f	machine-aab56167c157	c5_archive_large_synthetic	C5	0	c5_archive_large_synthetic__warmup__baseline__0	baseline	core	archive_restore_only	1.6697489329380915	NA	NA	NA	35651584	43864	0	0	0	0	0	0	NA	NA	NA	NA	NA	NA	NA	warmup	1	protocol_warmup	e76cbbd42d9d355a3a77633766388c420f49e66cbbcd0b0d61d97405ba19699e	phase4:c5_archive_large_synthetic__warmup__baseline__0/run-complete.json	0428b10a975f652bb2074497f7c99119a2edde17d32bf43a0ebd10864a24d51a	phase4
paper-data-v1-dccfd49-20260716	0	0d11aa2d61b7ccda59b462ab8e0750dad17ee18f	machine-aab56167c157	c5_archive_large_synthetic	C5	0	c5_archive_large_synthetic__warmup__candidate__0	candidate	core	archive_restore_only	2.170190055971034	NA	NA	NA	35651584	29196	0	0	0	0	0	0	NA	NA	NA	NA	NA	NA	NA	warmup	1	protocol_warmup	9e557df848d983d2db18e37903e8c40b6b249999472a60900b5776f9b19ffc56	phase4:c5_archive_large_synthetic__warmup__candidate__0/run-complete.json	342aea459c549b000ab63b020491a65f3c419509ebad2ff2b433f13dbbf4a1cb	phase4
paper-data-v1-dccfd49-20260716	0	0d11aa2d61b7ccda59b462ab8e0750dad17ee18f	machine-aab56167c157	c6_exact_h19_2mb	C6	1	c6_exact_h19_2mb__pair01__baseline__0	baseline	core	full_tfosorted_rowset	2.5256023589754477	0.329091	NA	NA	20729298944	861976	564454	175193	0	0	0	0	1	1	1	1	1	0	0	clean	0	NA	fc8d3238e06da57e71ab1bae7fb9476ba0cd6273afe7270aa3ad35f0819f4741	phase4:c6_exact_h19_2mb__pair01__baseline__0/run-complete.json	f39793862353937e2c29ca924f7c00ecc85e60cc462fd04d14bc4833bd3c9a0f	phase4
paper-data-v1-dccfd49-20260716	0	0d11aa2d61b7ccda59b462ab8e0750dad17ee18f	machine-aab56167c157	c6_exact_h19_2mb	C6	1	c6_exact_h19_2mb__pair01__candidate__0	candidate	core	full_tfosorted_rowset	2.3326647100038826	0.244896	NA	NA	20653801472	829516	564454	175193	0	0	0	0	1	1	1	1	1	0	0	clean	0	NA	fba8f6e0f9b664408a88e10f0c73995f504f5b464eb19d50fcd82279124ecaab	phase4:c6_exact_h19_2mb__pair01__candidate__0/run-complete.json	c559fba3a85e226cc7636ed99343ff1e8ebcf57b35f1c51a12f7b2ae5dacc127	phase4
paper-data-v1-dccfd49-20260716	0	0d11aa2d61b7ccda59b462ab8e0750dad17ee18f	machine-aab56167c157	c6_exact_h19_2mb	C6	2	c6_exact_h19_2mb__pair02__baseline__0	baseline	core	full_tfosorted_rowset	2.4726000940427184	0.330041	NA	NA	20729298944	862568	564454	175193	0	0	0	0	1	1	1	1	1	0	0	clean	0	NA	ff927ed3f9de9fc5684f4afa6f8ffe6a875ba9ab0952e5dc3ac6803c2a84659f	phase4:c6_exact_h19_2mb__pair02__baseline__0/run-complete.json	0a836e581ce8faeda63a6f2651c77bce089cc444321604e364b6621d47318466	phase4
paper-data-v1-dccfd49-20260716	0	0d11aa2d61b7ccda59b462ab8e0750dad17ee18f	machine-aab56167c157	c6_exact_h19_2mb	C6	2	c6_exact_h19_2mb__pair02__candidate__0	candidate	core	full_tfosorted_rowset	2.342106134048663	0.239164	NA	NA	20653801472	829500	564454	175193	0	0	0	0	1	1	1	1	1	0	0	clean	0	NA	a0c943f19ba8f26277804c9b3341b701961716e5f05eb2e57d8ec7ff78fcc2a6	phase4:c6_exact_h19_2mb__pair02__candidate__0/run-complete.json	db3062cab30e486f92f81c58395298653daa9abf4a631ac8ce23610244e3ecbb	phase4
paper-data-v1-dccfd49-20260716	0	0d11aa2d61b7ccda59b462ab8e0750dad17ee18f	machine-aab56167c157	c6_exact_h19_2mb	C6	3	c6_exact_h19_2mb__pair03__baseline__0	baseline	core	full_tfosorted_rowset	2.5218492719577625	0.328731	NA	NA	20729298944	862080	564454	175193	0	0	0	0	1	1	1	1	1	0	0	clean	0	NA	ab8e708656ade504ba48b811679c418ef46162d6e054e952f5cce9cb300d8e7c	phase4:c6_exact_h19_2mb__pair03__baseline__0/run-complete.json	da83a75713d9fbe48b534d141d74b569b6ccefbdb9770312c4dcbfac6665ebf5	phase4
paper-data-v1-dccfd49-20260716	0	0d11aa2d61b7ccda59b462ab8e0750dad17ee18f	machine-aab56167c157	c6_exact_h19_2mb	C6	3	c6_exact_h19_2mb__pair03__candidate__0	candidate	core	full_tfosorted_rowset	2.3215317220892757	0.243855	NA	NA	20653801472	830284	564454	175193	0	0	0	0	1	1	1	1	1	0	0	clean	0	NA	779dd1d1f6405dfc4732ddbf9af31d49b84dddd70364e7c35c0db79e4b27ca4c	phase4:c6_exact_h19_2mb__pair03__candidate__0/run-complete.json	8d2202ac1bbf83d9c08aa508558613686e91d9fc45d3cbcda748f7b1895412f2	phase4
paper-data-v1-dccfd49-20260716	0	0d11aa2d61b7ccda59b462ab8e0750dad17ee18f	machine-aab56167c157	c6_exact_h19_2mb	C6	0	c6_exact_h19_2mb__warmup__baseline__0	baseline	core	full_tfosorted_rowset	2.471815534052439	0.328444	NA	NA	20729298944	862900	564454	175193	0	0	0	0	NA	NA	NA	NA	NA	NA	NA	warmup	1	protocol_warmup	a5489c302684d5b1bfd89b79c1980a561fb8d964ab55de8b77f1d315b8150e82	phase4:c6_exact_h19_2mb__warmup__baseline__0/run-complete.json	1d34b21ea1089ba5db257579a707ea3c0ba48c6d8681ff1a2c09b4ec134c9495	phase4
paper-data-v1-dccfd49-20260716	0	0d11aa2d61b7ccda59b462ab8e0750dad17ee18f	machine-aab56167c157	c6_exact_h19_2mb	C6	0	c6_exact_h19_2mb__warmup__candidate__0	candidate	core	full_tfosorted_rowset	2.3311659740284085	0.242792	NA	NA	20653801472	830388	564454	175193	0	0	0	0	NA	NA	NA	NA	NA	NA	NA	warmup	1	protocol_warmup	0572651972fb83eac4a9f7b759f1fb0107fc311a06839602d1e234be786d0478	phase4:c6_exact_h19_2mb__warmup__candidate__0/run-complete.json	463f4a7ddc3008c5c0b8e0a05a83dd4f43a5a5b6bf91b2d03a850ce041cf5e54	phase4
paper-data-v1-dccfd49-20260716	0	0d11aa2d61b7ccda59b462ab8e0750dad17ee18f	machine-aab56167c157	c6_exact_kcnq_segment_chr22	C6	1	c6_exact_kcnq_segment_chr22__pair01__baseline__0	baseline	core	full_tfosorted_rowset	50.707752095069736	7.83639	NA	NA	15803088896	892844	18210328	5482271	0	0	0	0	1	1	1	1	1	0	0	clean	0	NA	8d5be8177fb24d24375e3f867ec858b2e5f7a4c09cc4136da8a7f2f3c6e198a4	phase4:c6_exact_kcnq_segment_chr22__pair01__baseline__0/run-complete.json	0ffe695c4b5b2fef86d503e13c8cac822cadde75c030781a1ae1d03bd9b96424	phase4
paper-data-v1-dccfd49-20260716	0	0d11aa2d61b7ccda59b462ab8e0750dad17ee18f	machine-aab56167c157	c6_exact_kcnq_segment_chr22	C6	1	c6_exact_kcnq_segment_chr22__pair01__candidate__0	candidate	core	full_tfosorted_rowset	45.99480522493832	4.82501	NA	NA	15727591424	869688	18210328	5482271	0	0	0	0	1	1	1	1	1	0	0	clean	0	NA	0068ada361f012fa6e49720b7b19f0829a947520ccf6a8ddd46a9b05b4273adf	phase4:c6_exact_kcnq_segment_chr22__pair01__candidate__0/run-complete.json	56a9163286c5e718de277b2e2f0fb0b954b42e132884c221100ab4ca620cf711	phase4
paper-data-v1-dccfd49-20260716	0	0d11aa2d61b7ccda59b462ab8e0750dad17ee18f	machine-aab56167c157	c6_exact_kcnq_segment_chr22	C6	2	c6_exact_kcnq_segment_chr22__pair02__baseline__0	baseline	core	full_tfosorted_rowset	50.558674940955825	7.82227	NA	NA	15803088896	916316	18210328	5482271	0	0	0	0	1	1	1	1	1	0	0	clean	0	NA	1ffe1bddd8ae984db137d072650e3e39128a5614e0616bca6ef5f6d12699aec7	phase4:c6_exact_kcnq_segment_chr22__pair02__baseline__0/run-complete.json	0481da9ac23b73615e5bdfed2db356807ebc328e7e24e2f662ae0c451f0bc000	phase4
paper-data-v1-dccfd49-20260716	0	0d11aa2d61b7ccda59b462ab8e0750dad17ee18f	machine-aab56167c157	c6_exact_kcnq_segment_chr22	C6	2	c6_exact_kcnq_segment_chr22__pair02__candidate__0	candidate	core	full_tfosorted_rowset	44.94056227395777	4.71624	NA	NA	15727591424	871836	18210328	5482271	0	0	0	0	1	1	1	1	1	0	0	clean	0	NA	0b4b23f43ec917eaaedb1a7b64fffa8f06450186c9b1bc21009bf9918ac95228	phase4:c6_exact_kcnq_segment_chr22__pair02__candidate__0/run-complete.json	43f27340a2b05234af8f4fe4b20c3196e85c195c77201ae5f034f797b6872c36	phase4
paper-data-v1-dccfd49-20260716	0	0d11aa2d61b7ccda59b462ab8e0750dad17ee18f	machine-aab56167c157	c6_exact_kcnq_segment_chr22	C6	3	c6_exact_kcnq_segment_chr22__pair03__baseline__0	baseline	core	full_tfosorted_rowset	50.520634819054976	7.81958	NA	NA	15803088896	909216	18210328	5482271	0	0	0	0	1	1	1	1	1	0	0	clean	0	NA	c51fb0241816d9fea42fc156a39c0d7cc00d7bbff60ddd5e707ef90adbf6fe5c	phase4:c6_exact_kcnq_segment_chr22__pair03__baseline__0/run-complete.json	7d2dec4b3d67cb5664818a13339eee0288ae23e3f5f705dd077f0403ee2f187d	phase4
paper-data-v1-dccfd49-20260716	0	0d11aa2d61b7ccda59b462ab8e0750dad17ee18f	machine-aab56167c157	c6_exact_kcnq_segment_chr22	C6	3	c6_exact_kcnq_segment_chr22__pair03__candidate__0	candidate	core	full_tfosorted_rowset	45.29750227800105	4.73428	NA	NA	15727591424	869652	18210328	5482271	0	0	0	0	1	1	1	1	1	0	0	clean	0	NA	2a370f4b5d018e14bc2a767d8a5ba78a5d679ea3d71f5d61f1ba2b4befcec460	phase4:c6_exact_kcnq_segment_chr22__pair03__candidate__0/run-complete.json	eecb9c5a64706c19613ea644427a974e93144f6f5a91a9c6060fa873c48e2d86	phase4
paper-data-v1-dccfd49-20260716	0	0d11aa2d61b7ccda59b462ab8e0750dad17ee18f	machine-aab56167c157	c6_exact_kcnq_segment_chr22	C6	0	c6_exact_kcnq_segment_chr22__warmup__baseline__0	baseline	core	full_tfosorted_rowset	50.45474369707517	7.85718	NA	NA	15803088896	904968	18210328	5482271	0	0	0	0	NA	NA	NA	NA	NA	NA	NA	warmup	1	protocol_warmup	2523c9a8380205fcc5da45a10328041210aaf0e8385982c399247a29bea8e6ba	phase4:c6_exact_kcnq_segment_chr22__warmup__baseline__0/run-complete.json	144ec5694f2074a8342082dade3214f01e9f0b254deeac5114cfc1e78380a333	phase4
paper-data-v1-dccfd49-20260716	0	0d11aa2d61b7ccda59b462ab8e0750dad17ee18f	machine-aab56167c157	c6_exact_kcnq_segment_chr22	C6	0	c6_exact_kcnq_segment_chr22__warmup__candidate__0	candidate	core	full_tfosorted_rowset	45.43646539899055	4.83808	NA	NA	15727591424	870020	18210328	5482271	0	0	0	0	NA	NA	NA	NA	NA	NA	NA	warmup	1	protocol_warmup	fb3c8dc3382353af3c17dde85195c7ba4d02732993b9d373853622e6e5adba06	phase4:c6_exact_kcnq_segment_chr22__warmup__candidate__0/run-complete.json	28e55ec40931032286fec75f76432c5af0c525f284fc1bc5878cb4b53384aedc	phase4
