attempt_id	validation_id	query_id	target_id	repeat_id	gpu_physical_index	returncode	timed_out	oom_detected	fallbacks	attempt_rows	selected_attempts	cpu_traceback_calls	final_row_mappings	output_rows	output_sha256	score_equal	stability_equal	nt_equal	all_three_equal	boundary_ties_equal	full_output_equal	full_missing_rows	full_extra_rows	declared_contract_clean	score_prepass_seconds	cpu_traceback_replay_seconds	cpu_traceback_align_seconds	triplex_convert_seconds	total_wall_seconds	max_rss_kib	gpu_measurement_status	gpu_sample_count	gpu_memory_peak_mib	selection_reasons_json	cpu_emit_reasons_json	final_statuses_json	artifact_count	artifact_manifest_sha256	attempt_receipt_sha256
v2reg_hq01_ht01__repeat00	hq01_ht01__repeat00	hq01	ht01	0	0	0	0	0	0	2628	657	657	1	1	cd5c7362cfeaefc37a2e744238acabca4e6fc78e07086caf765b7b68cec86bce	1	1	1	1	1	1	0	0	1	0.0232474	0.00687353	0.00652573	0.00223372	0.27921431814320385	159432	available	1	477.0	"{""best_fallback"":35,""last"":15,""not_selected_after_threshold"":1821,""not_selected_lower_score"":150,""threshold"":607}"	"{""best_fallback"":33,""last"":17,""not_selected"":1971,""threshold"":607}"	"{""converted_not_final"":262,""emitted_not_converted"":394,""final_row"":1,""not_selected"":1971}"	16	629f4102cc213b28c3a039a828cc88c7d0e9762d2b82e40a5cb9a43dbc292c97	814f9f99aa54a0e38a4ebf2a21a66ce677b2e894663f426b1eb12d76c52059b5
v2reg_hq01_ht01__repeat01	hq01_ht01__repeat01	hq01	ht01	1	1	0	0	0	0	2628	657	657	1	1	cd5c7362cfeaefc37a2e744238acabca4e6fc78e07086caf765b7b68cec86bce	1	1	1	1	1	1	0	0	1	0.0232208	0.00719655	0.00684312	0.00229111	0.2734005420934409	159408	available	1	54.0	"{""best_fallback"":35,""last"":15,""not_selected_after_threshold"":1821,""not_selected_lower_score"":150,""threshold"":607}"	"{""best_fallback"":33,""last"":17,""not_selected"":1971,""threshold"":607}"	"{""converted_not_final"":262,""emitted_not_converted"":394,""final_row"":1,""not_selected"":1971}"	16	fb27b270c9cdf82a2858d762f12c9f1ab22a495b5f51ebef13dbd0b4dabbc4aa	6fa3813a3a564bad8c57918b902332a0c786a2e646c2338d9799590cfafb4dea
v2reg_hq01_ht01__repeat02	hq01_ht01__repeat02	hq01	ht01	2	0	0	0	0	0	2628	657	657	1	1	cd5c7362cfeaefc37a2e744238acabca4e6fc78e07086caf765b7b68cec86bce	1	1	1	1	1	1	0	0	1	0.0232665	0.00707505	0.00672879	0.00221772	0.232349697034806	159440	available	1	494.0	"{""best_fallback"":35,""last"":15,""not_selected_after_threshold"":1821,""not_selected_lower_score"":150,""threshold"":607}"	"{""best_fallback"":33,""last"":17,""not_selected"":1971,""threshold"":607}"	"{""converted_not_final"":262,""emitted_not_converted"":394,""final_row"":1,""not_selected"":1971}"	16	e91e0f91c219d8474f4692fe3022108adb64883d088779b2a941608842ec5156	501bc6399bb2c01077f5626121a3e7118b2248e2eee312dcccd1d196221ecf54
v2reg_hq01_ht02__repeat00	hq01_ht02__repeat00	hq01	ht02	0	1	0	0	0	0	3108	777	777	1	1	89fade6245de4ab6d75665e968b09d7aed26ef4bf076b49196c77c915b4cd393	1	1	1	1	1	1	0	0	1	0.025559	0.0192926	0.0184036	0.00413841	0.31111962301656604	159424	available	1	37.0	"{""best_fallback"":33,""last"":15,""not_selected_after_threshold"":2187,""not_selected_lower_score"":144,""threshold"":729}"	"{""best_fallback"":33,""last"":15,""not_selected"":2331,""threshold"":729}"	"{""converted_not_final"":278,""emitted_not_converted"":498,""final_row"":1,""not_selected"":2331}"	16	f1ab31ae673ecdf1aedbc041b8d5ebbc76dcefc393a4d162a56bcb00c2fb6f9d	c6524c8f292cd91ace995b6b16cf6feef41dde22f5302412ba278ba09094c3b6
v2reg_hq01_ht02__repeat01	hq01_ht02__repeat01	hq01	ht02	1	0	0	0	0	0	3108	777	777	1	1	89fade6245de4ab6d75665e968b09d7aed26ef4bf076b49196c77c915b4cd393	1	1	1	1	1	1	0	0	1	0.0236968	0.00792459	0.00753046	0.00241556	0.24363785493187606	159512	available	1	494.0	"{""best_fallback"":33,""last"":15,""not_selected_after_threshold"":2187,""not_selected_lower_score"":144,""threshold"":729}"	"{""best_fallback"":33,""last"":15,""not_selected"":2331,""threshold"":729}"	"{""converted_not_final"":278,""emitted_not_converted"":498,""final_row"":1,""not_selected"":2331}"	16	ae09d7aada20f59a26b0037a14c46a285a97ed705dbbafae9070ebf3ad495736	d898151a895934e81e0829c1bfa272f8e55e532d1ee8c9b300d3069aaf81a23c
v2reg_hq01_ht02__repeat02	hq01_ht02__repeat02	hq01	ht02	2	1	0	0	0	0	3108	777	777	1	1	89fade6245de4ab6d75665e968b09d7aed26ef4bf076b49196c77c915b4cd393	1	1	1	1	1	1	0	0	1	0.0235095	0.0076632	0.00728584	0.00234391	0.26770388102158904	159524	available	1	54.0	"{""best_fallback"":33,""last"":15,""not_selected_after_threshold"":2187,""not_selected_lower_score"":144,""threshold"":729}"	"{""best_fallback"":33,""last"":15,""not_selected"":2331,""threshold"":729}"	"{""converted_not_final"":278,""emitted_not_converted"":498,""final_row"":1,""not_selected"":2331}"	16	db9cfef5f183eb93a2f782372e1423ba6b965f10d573c4060e5c94ff43a62f4e	caf7d2bffd0742da44b366aea023f6a4cb089eb54c7ec8d9d7b3fc414bd0ed93
v2reg_hq02_ht01__repeat00	hq02_ht01__repeat00	hq02	ht01	0	0	0	0	0	0	2476	619	619	2	2	f62a26e10a6f70faa3200db206b9dd4772bf58fc4187e03d2c1a0bfd56a1e5c9	1	1	1	1	1	1	0	0	1	0.0199403	0.00556613	0.00525421	0.00306052	0.2513701422140002	148116	available	1	494.0	"{""best_fallback"":34,""last"":10,""not_selected_after_threshold"":1725,""not_selected_lower_score"":132,""threshold"":575}"	"{""best_fallback"":34,""last"":10,""not_selected"":1857,""threshold"":575}"	"{""converted_not_final"":428,""emitted_not_converted"":189,""final_row"":2,""not_selected"":1857}"	16	6f84a8e6bbe3e9f3da9d958621b210f0bc22f2efa94671b4126c7747a11d9c75	4230f6c11fcc0799e223df2e5daca12a8b17fd67fb6bcaf2caf5e85aceedf91d
v2reg_hq02_ht02__repeat00	hq02_ht02__repeat00	hq02	ht02	0	1	0	0	0	0	2200	550	550	7	7	d659e968a606ed377716dcdba519de486b8914178d7531786dcc936ec5cc8a26	1	1	1	1	1	1	0	0	1	0.0198712	0.00497115	0.00469441	0.00249558	0.26836600713431835	147876	available	1	54.0	"{""best_fallback"":14,""last"":11,""not_selected_after_threshold"":1575,""not_selected_lower_score"":75,""threshold"":525}"	"{""best_fallback"":14,""last"":11,""not_selected"":1650,""threshold"":525}"	"{""converted_not_final"":329,""emitted_not_converted"":214,""final_row"":7,""not_selected"":1650}"	16	d27a1ca80afa959bed4aff649d62aca94943fb3b629c5b58449fb474e891ea4a	698b975332a99441f549cd63ae725d5863400cc8d46edf29a5ea552c59b4be08
v2reg_hq03_ht01__repeat00	hq03_ht01__repeat00	hq03	ht01	0	0	0	0	0	0	3080	770	770	4	4	e19b3f067d38cfacb547748f92ba4bc4345dd68129d46997b7da381b1d0f7ab5	1	1	1	1	1	1	0	0	1	0.022274	0.00747833	0.00710801	0.00231445	0.2466506171040237	153880	available	1	494.0	"{""best_fallback"":33,""last"":13,""not_selected_after_threshold"":2172,""not_selected_lower_score"":138,""threshold"":724}"	"{""best_fallback"":33,""last"":13,""not_selected"":2310,""threshold"":724}"	"{""converted_not_final"":278,""emitted_not_converted"":488,""final_row"":4,""not_selected"":2310}"	16	c49c66e3651d7aa8468ce11b584447bd60f0c38fc9a5b5face54ecc22d5e11fa	302af6a1128187029d656d999eb8d6529b38afe3596f87537320b4507a2fa31b
v2reg_hq03_ht02__repeat00	hq03_ht02__repeat00	hq03	ht02	0	1	0	0	0	0	3336	834	834	4	4	489b523b59313e23fbef6b3f4c54b548db469a4db10764320fae99aa75619076	1	1	1	1	1	1	0	0	1	0.0216601	0.00809661	0.00767739	0.00256983	0.2660736490506679	153864	available	1	37.0	"{""best_fallback"":56,""last"":19,""not_selected_after_threshold"":2277,""not_selected_lower_score"":225,""threshold"":759}"	"{""best_fallback"":55,""last"":20,""not_selected"":2502,""threshold"":759}"	"{""converted_not_final"":325,""emitted_not_converted"":505,""final_row"":4,""not_selected"":2502}"	16	7300200304731b75114361a9b0aa45690752d559b1e147b91220650b2e1c108f	4e2834f540c45d8879826067e12a8c19ddb7df9edcbb9ddeece13f9821731c0f
v2reg_hq04_ht01__repeat00	hq04_ht01__repeat00	hq04	ht01	0	0	0	0	0	0	1920	480	480	8	8	607f3bb5765285abc3f204c8453510bc13d345380193846d01b2477d37493778	1	1	1	1	1	1	0	0	1	0.0235974	0.00616274	0.00590073	0.00256551	0.26649570907466114	161808	available	1	494.0	"{""best_fallback"":26,""last"":15,""not_selected_after_threshold"":1317,""not_selected_lower_score"":123,""threshold"":439}"	"{""best_fallback"":26,""last"":15,""not_selected"":1440,""threshold"":439}"	"{""converted_not_final"":325,""emitted_not_converted"":147,""final_row"":8,""not_selected"":1440}"	16	aa5cdddb91f8b33f08a06a6b4bf2fc9b00e174b6a1d0118d00e10a5caad749fb	77859cd5054f420472aa744933230025d52a54b9ee5df8e09481e3f22728ca30
v2reg_hq04_ht02__repeat00	hq04_ht02__repeat00	hq04	ht02	0	1	0	0	0	0	1720	430	430	8	8	b20d1d2fef8ababbad24feb7adea80610184d54cee7af2bc54c6281c56dd8357	1	1	1	1	1	0	2	0	1	0.0237429	0.00545615	0.00522096	0.00228082	0.25098581914789975	161112	available	1	54.0	"{""best_fallback"":28,""last"":16,""not_selected_after_threshold"":1158,""not_selected_lower_score"":132,""threshold"":386}"	"{""best_fallback"":28,""last"":16,""not_selected"":1290,""threshold"":386}"	"{""converted_not_final"":297,""emitted_not_converted"":125,""final_row"":8,""not_selected"":1290}"	16	01cf0e6d5eaf0fc13094e74be0c1ee5d51da931a2b072a1ee9c3fe7cd8dabe82	1a926b6087fad382658d28b75177bab721ea45ddd90189fd78a4703a93935a34
v2reg_hq05_ht01__repeat00	hq05_ht01__repeat00	hq05	ht01	0	0	0	0	0	0	3100	775	775	24	24	3aebfe272be9c704fcfb5ce8766c3ba092dd8b23086140e92055b53d46159d03	1	1	1	1	1	1	0	0	1	0.0314163	0.0329567	0.0320697	0.00792662	0.3154489379376173	190096	available	1	494.0	"{""best_fallback"":117,""last"":89,""not_selected_after_threshold"":1707,""not_selected_lower_score"":618,""threshold"":569}"	"{""best_fallback"":117,""last"":89,""not_selected"":2325,""threshold"":569}"	"{""converted_not_final"":654,""emitted_not_converted"":97,""final_row"":24,""not_selected"":2325}"	16	3b867fc679bbc24c6a2780f9761dd0d970b626d0189f52b8199f821b21f39cac	0ed4a55c71d30e192c2bf84501c6041487e886023e81a4f259d5dd11890720b4
v2reg_hq05_ht01__repeat01	hq05_ht01__repeat01	hq05	ht01	1	1	0	0	0	0	3100	775	775	24	24	3aebfe272be9c704fcfb5ce8766c3ba092dd8b23086140e92055b53d46159d03	1	1	1	1	1	1	0	0	1	0.0310273	0.0172706	0.0167903	0.00546198	0.2840935999993235	190272	available	1	54.0	"{""best_fallback"":117,""last"":89,""not_selected_after_threshold"":1707,""not_selected_lower_score"":618,""threshold"":569}"	"{""best_fallback"":117,""last"":89,""not_selected"":2325,""threshold"":569}"	"{""converted_not_final"":654,""emitted_not_converted"":97,""final_row"":24,""not_selected"":2325}"	16	27d72b7dffae8885df95826a60006ac33e63e3072c5398f02a461beebce49bde	27164e0b70bec6d79fc3ac6787f24558fa9963e64e19f2bba456ac55f24ed582
v2reg_hq05_ht01__repeat02	hq05_ht01__repeat02	hq05	ht01	2	0	0	0	0	0	3100	775	775	24	24	3aebfe272be9c704fcfb5ce8766c3ba092dd8b23086140e92055b53d46159d03	1	1	1	1	1	1	0	0	1	0.0309528	0.016888	0.0164279	0.00554875	0.3148501571267843	190248	available	1	477.0	"{""best_fallback"":117,""last"":89,""not_selected_after_threshold"":1707,""not_selected_lower_score"":618,""threshold"":569}"	"{""best_fallback"":117,""last"":89,""not_selected"":2325,""threshold"":569}"	"{""converted_not_final"":654,""emitted_not_converted"":97,""final_row"":24,""not_selected"":2325}"	16	8824661c57e77d1a5b28dc209fb7b4b702b3ccb983839d66e482ed3836589615	04b57fbc06a3c01dd81400ef85723dcd33fb978a67d1ccbb62535d3baafa0d3e
v2reg_hq05_ht02__repeat00	hq05_ht02__repeat00	hq05	ht02	0	1	0	0	0	0	2580	645	645	16	14	d6832fbac16f99c1258e0d863148ff155cb373f1ebbd82b1db6c735887d7cbb7	1	1	1	1	1	1	0	0	1	0.0309954	0.0140876	0.013702	0.00456723	0.3015953921712935	190336	available	1	54.0	"{""best_fallback"":79,""last"":62,""not_selected_after_threshold"":1512,""not_selected_lower_score"":423,""threshold"":504}"	"{""best_fallback"":79,""last"":62,""not_selected"":1935,""threshold"":504}"	"{""converted_not_final"":550,""emitted_not_converted"":79,""final_row"":16,""not_selected"":1935}"	16	0d6082ba7706ebc2347cd6907f198332a0396b4f38cb4e5d0191894c50460113	9e9263f251244150c02e42dcc23ef3f5e4e62a130e5f7feec6b3a8588fec3674
v2reg_hq05_ht02__repeat01	hq05_ht02__repeat01	hq05	ht02	1	0	0	0	0	0	2580	645	645	16	14	d6832fbac16f99c1258e0d863148ff155cb373f1ebbd82b1db6c735887d7cbb7	1	1	1	1	1	1	0	0	1	0.0317331	0.0145672	0.0141747	0.00464536	0.27837575413286686	190108	available	1	494.0	"{""best_fallback"":79,""last"":62,""not_selected_after_threshold"":1512,""not_selected_lower_score"":423,""threshold"":504}"	"{""best_fallback"":79,""last"":62,""not_selected"":1935,""threshold"":504}"	"{""converted_not_final"":550,""emitted_not_converted"":79,""final_row"":16,""not_selected"":1935}"	16	f33ea7d5b8502fba70a665471c6de1507f990929824c996e77a90e5d8e4e1165	1d52ad6740c2fc8aee5889f6d7810a1f05a895b510c603a023505b52582622bf
v2reg_hq05_ht02__repeat02	hq05_ht02__repeat02	hq05	ht02	2	1	0	0	0	0	2580	645	645	16	14	d6832fbac16f99c1258e0d863148ff155cb373f1ebbd82b1db6c735887d7cbb7	1	1	1	1	1	1	0	0	1	0.0311082	0.0143642	0.0139751	0.00449401	0.34303811797872186	190544	available	2	37.0	"{""best_fallback"":79,""last"":62,""not_selected_after_threshold"":1512,""not_selected_lower_score"":423,""threshold"":504}"	"{""best_fallback"":79,""last"":62,""not_selected"":1935,""threshold"":504}"	"{""converted_not_final"":550,""emitted_not_converted"":79,""final_row"":16,""not_selected"":1935}"	16	8bed15b95133b5e458c2841a75a8af37e7a69bd617d28d4f315cbb1cfb277400	25a7e91e845a51fff557bb4ac93706d6ee12432f5fe2f21d8858b1c5e184dbd7
v2reg_hq06_ht01__repeat00	hq06_ht01__repeat00	hq06	ht01	0	0	0	0	0	0	2156	539	539	6	6	f9d4ad7e7dbfca39fefeae015188a09b4184f15470aa8c9bcef6f3fa2ef07cf3	1	1	1	1	1	1	0	0	1	0.0313548	0.0113327	0.0110119	0.00353658	0.2679101799149066	189568	available	1	477.0	"{""best_fallback"":51,""last"":33,""not_selected_after_threshold"":1365,""not_selected_lower_score"":252,""threshold"":455}"	"{""best_fallback"":51,""last"":33,""not_selected"":1617,""threshold"":455}"	"{""converted_not_final"":478,""emitted_not_converted"":55,""final_row"":6,""not_selected"":1617}"	16	917ae48ed2059cda8a6dd966b93dd9d292f9da7179f103863a0819f1131854e2	fd55f2be713134f6c0587fea87535b7efd1c38fc23309fec8dbcb63124b7804b
v2reg_hq06_ht02__repeat00	hq06_ht02__repeat00	hq06	ht02	0	1	0	0	0	0	2752	688	688	9	8	3676101a99ef7ff5e16b3ea356afbd59eae3e9338a65a83e0d45a75731d6e0f2	1	1	1	1	1	1	0	0	1	0.0314624	0.0139147	0.0135136	0.00439386	0.42098057409748435	190660	available	2	37.0	"{""best_fallback"":77,""last"":45,""not_selected_after_threshold"":1698,""not_selected_lower_score"":366,""threshold"":566}"	"{""best_fallback"":73,""last"":49,""not_selected"":2064,""threshold"":566}"	"{""converted_not_final"":605,""emitted_not_converted"":74,""final_row"":9,""not_selected"":2064}"	16	a94d84f271e2f4347920a83f78bf2be49ab713edc8a13798a503e0c7f7549fe7	5a76cf888eb9e83dcd2b7fd60d188c9206a42fdcb8a8433c3867b29837c3490b
v2reg_hq07_ht01__repeat00	hq07_ht01__repeat00	hq07	ht01	0	0	0	0	0	0	2832	708	708	7	7	c0bd188ad194fd46ded16e5b8b913cae711464a456cd4eff5528cfa1cacaf790	1	1	1	1	1	1	0	0	1	0.0328613	0.0151434	0.0147649	0.00371153	0.27493056608363986	195092	available	1	494.0	"{""best_fallback"":39,""last"":25,""not_selected_after_threshold"":1932,""not_selected_lower_score"":192,""threshold"":644}"	"{""best_fallback"":39,""last"":25,""not_selected"":2124,""threshold"":644}"	"{""converted_not_final"":532,""emitted_not_converted"":169,""final_row"":7,""not_selected"":2124}"	16	511647c5e4c69ede0c609c31c513d4ef5f6e31de533e9085bb001e63a14cde0b	598e709b775723b061404ab50cc35efa17a042c3eaf07fb664f97988a07dc52c
v2reg_hq07_ht02__repeat00	hq07_ht02__repeat00	hq07	ht02	0	1	0	0	0	0	2776	694	694	12	12	ca851f3cb89c48c56d0125d65723167e77227345ba5354aed0f7d8a519de5bb7	1	1	1	1	1	1	0	0	1	0.0326623	0.0149138	0.0145241	0.00363094	0.301949264947325	195224	available	1	54.0	"{""best_fallback"":44,""last"":31,""not_selected_after_threshold"":1857,""not_selected_lower_score"":225,""threshold"":619}"	"{""best_fallback"":43,""last"":32,""not_selected"":2082,""threshold"":619}"	"{""converted_not_final"":517,""emitted_not_converted"":165,""final_row"":12,""not_selected"":2082}"	16	8a92b00b84df677f92358499327c74041a73ff64c6b3e9ba1375b99928ed86d9	2b0de6690e98bf0cedd42191f73d3f089ea15aafb3926ea00faabb3b31b5df7c
v2reg_hq08_ht01__repeat00	hq08_ht01__repeat00	hq08	ht01	0	0	0	0	0	0	2492	623	623	16	14	e850574cdc802f83cd68457babba3377e17e91e4541584f7f176c9d1325111ea	1	1	1	1	1	1	0	0	1	0.0307092	0.012552	0.0121976	0.00398294	0.2909130831249058	186884	available	1	494.0	"{""best_fallback"":104,""last"":52,""not_selected_after_threshold"":1401,""not_selected_lower_score"":468,""threshold"":467}"	"{""best_fallback"":104,""last"":52,""not_selected"":1869,""threshold"":467}"	"{""converted_not_final"":496,""emitted_not_converted"":111,""final_row"":16,""not_selected"":1869}"	16	b8746a9d4f5ffb8ba360cd05d785968036b7a83b03e5fed61a026604e2b28889	d302e6061b50f0dc18ce9d8f030cd98ad85c09b7858d2d81f4d5b42340bfb94c
v2reg_hq08_ht02__repeat00	hq08_ht02__repeat00	hq08	ht02	0	1	0	0	0	0	3016	754	754	21	18	8123bc6f2629a5e0c71c173d21caca05a279081a392ae221900e5689033258b1	1	1	1	1	1	1	0	0	1	0.0302563	0.0147288	0.0143159	0.00429838	0.30038857203908265	187912	available	1	37.0	"{""best_fallback"":115,""last"":63,""not_selected_after_threshold"":1728,""not_selected_lower_score"":534,""threshold"":576}"	"{""best_fallback"":115,""last"":63,""not_selected"":2262,""threshold"":576}"	"{""converted_not_final"":554,""emitted_not_converted"":179,""final_row"":21,""not_selected"":2262}"	16	132d9653c8dc388f562cefe3e775357fc032a40ff5a2489c25bdecdf7da48efe	db52619f49240ac09a2c9c47dc9b0937673315038b22806d87ae7768b7b6aa45
v2reg_hq09_ht01__repeat00	hq09_ht01__repeat00	hq09	ht01	0	0	0	0	0	0	2644	661	661	5	5	44d10cde2d4a09ebdca6a3475ff29921706a6ac3575b757d55beba99492541b7	1	1	1	1	1	1	0	0	1	0.0532063	0.0238538	0.0234702	0.00375105	0.3121571480296552	263968	available	1	494.0	"{""best_fallback"":74,""last"":67,""not_selected_after_threshold"":1560,""not_selected_lower_score"":423,""threshold"":520}"	"{""best_fallback"":73,""last"":68,""not_selected"":1983,""threshold"":520}"	"{""converted_not_final"":480,""emitted_not_converted"":176,""final_row"":5,""not_selected"":1983}"	16	25a826150f3ec8cbe2e175fd54d9b4efc6ff0e5d05dd64dc2026bafda7c56a44	f0791c410386fa73dbbd8a4e5ec8ecaf1e8e9a83f96760fea53b6db0fc0f7c81
v2reg_hq09_ht01__repeat01	hq09_ht01__repeat01	hq09	ht01	1	1	0	0	0	0	2644	661	661	5	5	44d10cde2d4a09ebdca6a3475ff29921706a6ac3575b757d55beba99492541b7	1	1	1	1	1	1	0	0	1	0.0531909	0.0242578	0.0238729	0.00372696	0.3212497988715768	263948	available	1	54.0	"{""best_fallback"":74,""last"":67,""not_selected_after_threshold"":1560,""not_selected_lower_score"":423,""threshold"":520}"	"{""best_fallback"":73,""last"":68,""not_selected"":1983,""threshold"":520}"	"{""converted_not_final"":480,""emitted_not_converted"":176,""final_row"":5,""not_selected"":1983}"	16	0fb84d2d8a5e7baee62a1e4208b69dce80d0e6a5590a86489643c89c191c6661	111fc64ca151efa6c39abd526081152f40f4318260d658ae4e70ebb98356c5ea
v2reg_hq09_ht01__repeat02	hq09_ht01__repeat02	hq09	ht01	2	0	0	0	0	0	2644	661	661	5	5	44d10cde2d4a09ebdca6a3475ff29921706a6ac3575b757d55beba99492541b7	1	1	1	1	1	1	0	0	1	0.0528377	0.0240422	0.0236387	0.00375657	0.40361568005755544	263768	available	2	494.0	"{""best_fallback"":74,""last"":67,""not_selected_after_threshold"":1560,""not_selected_lower_score"":423,""threshold"":520}"	"{""best_fallback"":73,""last"":68,""not_selected"":1983,""threshold"":520}"	"{""converted_not_final"":480,""emitted_not_converted"":176,""final_row"":5,""not_selected"":1983}"	16	2fc52575d5d94f83a9e8f2e476a9156e96057182bf92f40bad728a7b550513de	e1301b96fe9e4a0b6f27f957029b73dc3d223473548fc7188827dd61168d4364
v2reg_hq09_ht02__repeat00	hq09_ht02__repeat00	hq09	ht02	0	1	0	0	0	0	2400	600	600	15	14	26842adb67ceab170273ec2b6bb8ebbc8eb60fbdb3172564b78fbb7343bf51be	1	1	1	1	1	1	0	0	1	0.0510867	0.021806	0.0214675	0.00343334	0.32214113092049956	261836	available	1	53.0	"{""best_fallback"":60,""last"":51,""not_selected_after_threshold"":1467,""not_selected_lower_score"":333,""threshold"":489}"	"{""best_fallback"":60,""last"":51,""not_selected"":1800,""threshold"":489}"	"{""converted_not_final"":444,""emitted_not_converted"":141,""final_row"":15,""not_selected"":1800}"	16	a148b593b6e2b0fb5d1d4bea8305463c021a6191eb62253c3bfa490368ac9497	e50a2df45be9b75c94ae7834ff981deb2b6add2cd5e10aefd84c34250c13dd2f
v2reg_hq09_ht02__repeat01	hq09_ht02__repeat01	hq09	ht02	1	0	0	0	0	0	2400	600	600	15	14	26842adb67ceab170273ec2b6bb8ebbc8eb60fbdb3172564b78fbb7343bf51be	1	1	1	1	1	1	0	0	1	0.0517124	0.0224026	0.0220503	0.0034843	0.31455929204821587	261656	available	1	494.0	"{""best_fallback"":60,""last"":51,""not_selected_after_threshold"":1467,""not_selected_lower_score"":333,""threshold"":489}"	"{""best_fallback"":60,""last"":51,""not_selected"":1800,""threshold"":489}"	"{""converted_not_final"":444,""emitted_not_converted"":141,""final_row"":15,""not_selected"":1800}"	16	69835d45407b8a97440cae9c419f4e68bf5a4ba8da6a9e4b110a89bb2556ca33	2987365623309b399e18b5f6ac443cf819862c9291b33f2afe592824b459c374
v2reg_hq09_ht02__repeat02	hq09_ht02__repeat02	hq09	ht02	2	1	0	0	0	0	2400	600	600	15	14	26842adb67ceab170273ec2b6bb8ebbc8eb60fbdb3172564b78fbb7343bf51be	1	1	1	1	1	1	0	0	1	0.0512737	0.0219004	0.0215597	0.00364633	0.30751732806675136	261880	available	1	54.0	"{""best_fallback"":60,""last"":51,""not_selected_after_threshold"":1467,""not_selected_lower_score"":333,""threshold"":489}"	"{""best_fallback"":60,""last"":51,""not_selected"":1800,""threshold"":489}"	"{""converted_not_final"":444,""emitted_not_converted"":141,""final_row"":15,""not_selected"":1800}"	16	c6ccd42b89936f70a8f590a7821ba801553b76bba68ff54f96e7925dc1916b1b	ae9149ea151e789421d3d3aec72501a8325a5fbffd41281ebc36f1f11396c033
v2reg_hq10_ht01__repeat00	hq10_ht01__repeat00	hq10	ht01	0	0	0	0	0	0	2632	658	658	21	21	1e8606af37e4e8938505bcbd7f651b7bb98b5b84b9427ed5fad0d16c88da22ed	1	1	1	1	1	1	0	0	1	0.0462242	0.0257218	0.0253337	0.00492012	0.3048358450178057	245420	available	1	494.0	"{""best_fallback"":130,""last"":60,""not_selected_after_threshold"":1404,""not_selected_lower_score"":570,""threshold"":468}"	"{""best_fallback"":130,""last"":60,""not_selected"":1974,""threshold"":468}"	"{""converted_not_final"":578,""emitted_not_converted"":59,""final_row"":21,""not_selected"":1974}"	16	120836936e5658fac8bfc0bd2e6d94e45c1c4114eadeccccd429a6134a9ceba0	ef740123a363f4b668ae13000ed302b8c74b3eb6615edfaec88f1ac238495be6
v2reg_hq10_ht02__repeat00	hq10_ht02__repeat00	hq10	ht02	0	1	0	0	0	0	2564	641	641	27	21	c34ff3fbdb9d1a069397615e2ed695dd336eb2055ce389a8ccade83e3858cb88	1	1	1	1	1	1	0	0	1	0.0462085	0.0246359	0.0242477	0.00463478	0.3125243950635195	245732	available	1	54.0	"{""best_fallback"":112,""last"":47,""not_selected_after_threshold"":1446,""not_selected_lower_score"":477,""threshold"":482}"	"{""best_fallback"":111,""last"":48,""not_selected"":1923,""threshold"":482}"	"{""converted_not_final"":558,""emitted_not_converted"":56,""final_row"":27,""not_selected"":1923}"	16	358e45992f8cfc6dc4e0d7b20870db4143c8ff17d4aea54de74576282c67d321	be2debf61378a004010f53ac3fe7aa526b84e14b4272927b44922e75536a7199
v2reg_hq11_ht01__repeat00	hq11_ht01__repeat00	hq11	ht01	0	0	0	0	0	0	3740	935	935	15	11	d4795a651a2b7388af478b9d0c9357d8b38947dfe495131935a282129bbdbf11	1	1	1	1	1	1	0	0	1	0.0549145	0.0462266	0.0456766	0.00696762	0.36518479604274035	282648	available	2	494.0	"{""best_fallback"":139,""last"":86,""not_selected_after_threshold"":2130,""not_selected_lower_score"":675,""threshold"":710}"	"{""best_fallback"":138,""last"":87,""not_selected"":2805,""threshold"":710}"	"{""converted_not_final"":846,""emitted_not_converted"":74,""final_row"":15,""not_selected"":2805}"	16	8eb860358195ba44f36ce42739e2d3f464c4de0d2b23f0f723dd391ddb29fa47	38594fb4d819d86d71f947ad616ff47c464a8de1e5501637d133d15234e5cc90
v2reg_hq11_ht02__repeat00	hq11_ht02__repeat00	hq11	ht02	0	1	0	0	0	0	3308	827	827	21	17	394fe813c2e10d9340165d371255a8a54bf493e3c9da90d57db4e99dfd72cd82	1	1	1	1	1	1	0	0	1	0.0563249	0.0397457	0.0392614	0.00622798	0.3942379611544311	283180	available	2	53.0	"{""best_fallback"":167,""last"":90,""not_selected_after_threshold"":1710,""not_selected_lower_score"":771,""threshold"":570}"	"{""best_fallback"":163,""last"":94,""not_selected"":2481,""threshold"":570}"	"{""converted_not_final"":744,""emitted_not_converted"":62,""final_row"":21,""not_selected"":2481}"	16	eff0c0fec489f11f403e70f8cbfc8dcefeb86ece581935fd4519a2837ba96fc4	831d8070467fd7a0a87be67f19e1139aa696c97fee3ebfe8cf764636ddb721c9
v2reg_hq12_ht01__repeat00	hq12_ht01__repeat00	hq12	ht01	0	0	0	0	0	0	2848	712	712	12	12	3ad5a88a77c825ab302324715448125a2655e6df2c83e86ae44a910219300bc7	1	1	1	1	1	1	0	0	1	0.0420255	0.0224704	0.0220575	0.00479331	0.36076308810152113	232344	available	2	477.0	"{""best_fallback"":80,""last"":40,""not_selected_after_threshold"":1776,""not_selected_lower_score"":360,""threshold"":592}"	"{""best_fallback"":79,""last"":41,""not_selected"":2136,""threshold"":592}"	"{""converted_not_final"":616,""emitted_not_converted"":84,""final_row"":12,""not_selected"":2136}"	16	44023a0e221be780ff70daa1acf068bc391fcfe2ecc4fad18cd1a339ecaee818	bc041a4ee7925d7fc9c82237eb47561dadad62b121757580bd12cda8db4124fe
v2reg_hq12_ht02__repeat00	hq12_ht02__repeat00	hq12	ht02	0	1	0	0	0	0	2716	679	679	19	19	06c59d4fbf1e802cfcf51d778dc18b1e438f1b1663ca6fa8f5105b2c3166c6cd	1	1	1	1	1	1	0	0	1	0.042659	0.0208867	0.0204937	0.0046788	0.3055590789299458	233224	available	1	54.0	"{""best_fallback"":99,""last"":53,""not_selected_after_threshold"":1581,""not_selected_lower_score"":456,""threshold"":527}"	"{""best_fallback"":99,""last"":53,""not_selected"":2037,""threshold"":527}"	"{""converted_not_final"":579,""emitted_not_converted"":81,""final_row"":19,""not_selected"":2037}"	16	df5ebb992aa9f888a9f2d403e8a3a6d40a161e13200c0390485dd2b4eeebca98	440971dfc8f5929085876e2da07da27cc0b798561f5a3458f7de55934f47f243
