validation_instance_id	workload_id	repeat_id	primary_instance	ranking_mode	comparison_status	reference_candidate_count	candidate_candidate_count	matched_count	informative_for_recovery	binary_gate_denominator_eligible	binary_success	double_empty	recall	precision	top1_retained	complete_set_success	rbo5_diagnostic	ambiguous_matching	technical_failure	technical_failure_reason	input_identity_pass	matching_started	strict_row_equal	classifications	evidence_role
bts3_w001__repeat00	bts3_w001	0	1	score	scientific_mismatch	5	5	4	1	1	0	0	4/5	4/5	1	0	43439/50000	0	0	NA	1	1	0	true candidate-site substitution;extra candidate site;missing candidate site;strict-row diagnostic mismatch	fresh_concordance_promotion
bts3_w001__repeat00	bts3_w001	0	1	stability	scientific_mismatch	5	5	5	1	1	1	0	1	1	1	1	1	0	0	NA	1	1	1	same candidate site endpoint shift	fresh_concordance_promotion
bts3_w001__repeat00	bts3_w001	0	1	nt	scientific_mismatch	5	5	5	1	1	1	0	1	1	1	1	1	0	0	NA	1	1	1	same candidate site endpoint shift	fresh_concordance_promotion
bts3_w002__repeat00	bts3_w002	0	1	score	pass	4	4	4	1	1	1	0	1	1	1	1	43439/50000	0	0	NA	1	1	1	none	fresh_concordance_promotion
bts3_w002__repeat00	bts3_w002	0	1	stability	pass	4	4	4	1	1	1	0	1	1	1	1	43439/50000	0	0	NA	1	1	1	none	fresh_concordance_promotion
bts3_w002__repeat00	bts3_w002	0	1	nt	pass	4	4	4	1	1	1	0	1	1	1	1	43439/50000	0	0	NA	1	1	1	none	fresh_concordance_promotion
bts3_w003__repeat00	bts3_w003	0	1	score	pass	5	5	5	1	1	1	0	1	1	1	1	1	0	0	NA	1	1	1	same candidate site endpoint shift	fresh_concordance_promotion
bts3_w003__repeat00	bts3_w003	0	1	stability	pass	5	5	5	1	1	1	0	1	1	1	1	1	0	0	NA	1	1	1	same candidate site endpoint shift	fresh_concordance_promotion
bts3_w003__repeat00	bts3_w003	0	1	nt	pass	5	5	5	1	1	1	0	1	1	1	1	1	0	0	NA	1	1	1	same candidate site endpoint shift	fresh_concordance_promotion
bts3_w004__repeat00	bts3_w004	0	1	score	pass	5	5	5	1	1	1	0	1	1	1	1	1	0	0	NA	1	1	1	none	fresh_concordance_promotion
bts3_w004__repeat00	bts3_w004	0	1	stability	pass	5	5	5	1	1	1	0	1	1	1	1	1	0	0	NA	1	1	1	none	fresh_concordance_promotion
bts3_w004__repeat00	bts3_w004	0	1	nt	pass	5	5	5	1	1	1	0	1	1	1	1	1	0	0	NA	1	1	1	none	fresh_concordance_promotion
bts3_w005__repeat00	bts3_w005	0	1	score	pass	5	5	5	1	1	1	0	1	1	1	1	1	0	0	NA	1	1	1	none	fresh_concordance_promotion
bts3_w005__repeat00	bts3_w005	0	1	stability	pass	5	5	5	1	1	1	0	1	1	1	1	1	0	0	NA	1	1	1	none	fresh_concordance_promotion
bts3_w005__repeat00	bts3_w005	0	1	nt	pass	5	5	5	1	1	1	0	1	1	1	1	1	0	0	NA	1	1	1	none	fresh_concordance_promotion
bts3_w006__repeat00	bts3_w006	0	1	score	pass	5	5	5	1	1	1	0	1	1	1	1	1	0	0	NA	1	1	1	none	fresh_concordance_promotion
bts3_w006__repeat00	bts3_w006	0	1	stability	pass	5	5	5	1	1	1	0	1	1	1	1	1	0	0	NA	1	1	1	none	fresh_concordance_promotion
bts3_w006__repeat00	bts3_w006	0	1	nt	pass	5	5	5	1	1	1	0	1	1	1	1	1	0	0	NA	1	1	1	none	fresh_concordance_promotion
bts3_w007__repeat00	bts3_w007	0	1	score	pass	5	5	5	1	1	1	0	1	1	1	1	1	0	0	NA	1	1	1	none	fresh_concordance_promotion
bts3_w007__repeat00	bts3_w007	0	1	stability	pass	5	5	5	1	1	1	0	1	1	1	1	1	0	0	NA	1	1	1	none	fresh_concordance_promotion
bts3_w007__repeat00	bts3_w007	0	1	nt	pass	5	5	5	1	1	1	0	1	1	1	1	1	0	0	NA	1	1	1	none	fresh_concordance_promotion
bts3_w008__repeat00	bts3_w008	0	1	score	pass	5	5	5	1	1	1	0	1	1	1	1	1	0	0	NA	1	1	1	none	fresh_concordance_promotion
bts3_w008__repeat00	bts3_w008	0	1	stability	pass	5	5	5	1	1	1	0	1	1	1	1	1	0	0	NA	1	1	1	none	fresh_concordance_promotion
bts3_w008__repeat00	bts3_w008	0	1	nt	pass	5	5	5	1	1	1	0	1	1	1	1	1	0	0	NA	1	1	1	none	fresh_concordance_promotion
bts3_w009__repeat00	bts3_w009	0	1	score	pass	5	5	5	1	1	1	0	1	1	1	1	1	0	0	NA	1	1	1	none	fresh_concordance_promotion
bts3_w009__repeat00	bts3_w009	0	1	stability	pass	5	5	5	1	1	1	0	1	1	1	1	1	0	0	NA	1	1	1	none	fresh_concordance_promotion
bts3_w009__repeat00	bts3_w009	0	1	nt	pass	5	5	5	1	1	1	0	1	1	1	1	1	0	0	NA	1	1	1	none	fresh_concordance_promotion
bts3_w010__repeat00	bts3_w010	0	1	score	pass	5	5	5	1	1	1	0	1	1	1	1	1	0	0	NA	1	1	1	none	fresh_concordance_promotion
bts3_w010__repeat00	bts3_w010	0	1	stability	pass	5	5	5	1	1	1	0	1	1	1	1	1	0	0	NA	1	1	1	none	fresh_concordance_promotion
bts3_w010__repeat00	bts3_w010	0	1	nt	pass	5	5	5	1	1	1	0	1	1	1	1	1	0	0	NA	1	1	1	none	fresh_concordance_promotion
bts3_w011__repeat00	bts3_w011	0	1	score	pass	5	5	5	1	1	1	0	1	1	1	1	1	0	0	NA	1	1	1	none	fresh_concordance_promotion
bts3_w011__repeat00	bts3_w011	0	1	stability	pass	5	5	5	1	1	1	0	1	1	1	1	1	0	0	NA	1	1	1	none	fresh_concordance_promotion
bts3_w011__repeat00	bts3_w011	0	1	nt	pass	5	5	5	1	1	1	0	1	1	1	1	1	0	0	NA	1	1	1	none	fresh_concordance_promotion
bts3_w012__repeat00	bts3_w012	0	1	score	pass	5	5	5	1	1	1	0	1	1	1	1	1	0	0	NA	1	1	1	none	fresh_concordance_promotion
bts3_w012__repeat00	bts3_w012	0	1	stability	pass	5	5	5	1	1	1	0	1	1	1	1	1	0	0	NA	1	1	1	none	fresh_concordance_promotion
bts3_w012__repeat00	bts3_w012	0	1	nt	pass	5	5	5	1	1	1	0	1	1	1	1	1	0	0	NA	1	1	1	none	fresh_concordance_promotion
bts3_w013__repeat00	bts3_w013	0	1	score	pass	5	5	5	1	1	1	0	1	1	1	1	1	0	0	NA	1	1	1	none	fresh_concordance_promotion
bts3_w013__repeat00	bts3_w013	0	1	stability	pass	5	5	5	1	1	1	0	1	1	1	1	1	0	0	NA	1	1	1	none	fresh_concordance_promotion
bts3_w013__repeat00	bts3_w013	0	1	nt	pass	5	5	5	1	1	1	0	1	1	1	1	1	0	0	NA	1	1	1	none	fresh_concordance_promotion
bts3_w014__repeat00	bts3_w014	0	1	score	pass	5	5	5	1	1	1	0	1	1	1	1	1	0	0	NA	1	1	1	none	fresh_concordance_promotion
bts3_w014__repeat00	bts3_w014	0	1	stability	pass	5	5	5	1	1	1	0	1	1	1	1	1	0	0	NA	1	1	1	none	fresh_concordance_promotion
bts3_w014__repeat00	bts3_w014	0	1	nt	pass	5	5	5	1	1	1	0	1	1	1	1	1	0	0	NA	1	1	1	none	fresh_concordance_promotion
bts3_w015__repeat00	bts3_w015	0	1	score	pass	5	5	5	1	1	1	0	1	1	1	1	1	0	0	NA	1	1	1	none	fresh_concordance_promotion
bts3_w015__repeat00	bts3_w015	0	1	stability	pass	5	5	5	1	1	1	0	1	1	1	1	1	0	0	NA	1	1	1	none	fresh_concordance_promotion
bts3_w015__repeat00	bts3_w015	0	1	nt	pass	5	5	5	1	1	1	0	1	1	1	1	1	0	0	NA	1	1	1	none	fresh_concordance_promotion
bts3_w016__repeat00	bts3_w016	0	1	score	pass	5	5	5	1	1	1	0	1	1	1	1	1	0	0	NA	1	1	1	none	fresh_concordance_promotion
bts3_w016__repeat00	bts3_w016	0	1	stability	pass	5	5	5	1	1	1	0	1	1	1	1	1	0	0	NA	1	1	1	none	fresh_concordance_promotion
bts3_w016__repeat00	bts3_w016	0	1	nt	pass	5	5	5	1	1	1	0	1	1	1	1	1	0	0	NA	1	1	1	none	fresh_concordance_promotion
bts3_w017__repeat00	bts3_w017	0	1	score	pass	5	5	5	1	1	1	0	1	1	1	1	1	0	0	NA	1	1	1	none	fresh_concordance_promotion
bts3_w017__repeat00	bts3_w017	0	1	stability	pass	5	5	5	1	1	1	0	1	1	1	1	1	0	0	NA	1	1	1	none	fresh_concordance_promotion
bts3_w017__repeat00	bts3_w017	0	1	nt	pass	5	5	5	1	1	1	0	1	1	1	1	1	0	0	NA	1	1	1	none	fresh_concordance_promotion
bts3_w018__repeat00	bts3_w018	0	1	score	pass	5	5	5	1	1	1	0	1	1	1	1	1	0	0	NA	1	1	1	none	fresh_concordance_promotion
bts3_w018__repeat00	bts3_w018	0	1	stability	pass	5	5	5	1	1	1	0	1	1	1	1	1	0	0	NA	1	1	1	none	fresh_concordance_promotion
bts3_w018__repeat00	bts3_w018	0	1	nt	pass	5	5	5	1	1	1	0	1	1	1	1	1	0	0	NA	1	1	1	none	fresh_concordance_promotion
bts3_w019__repeat00	bts3_w019	0	1	score	pass	5	5	5	1	1	1	0	1	1	1	1	1	0	0	NA	1	1	1	none	fresh_concordance_promotion
bts3_w019__repeat00	bts3_w019	0	1	stability	pass	5	5	5	1	1	1	0	1	1	1	1	1	0	0	NA	1	1	1	none	fresh_concordance_promotion
bts3_w019__repeat00	bts3_w019	0	1	nt	pass	5	5	5	1	1	1	0	1	1	1	1	1	0	0	NA	1	1	1	none	fresh_concordance_promotion
bts3_w020__repeat00	bts3_w020	0	1	score	pass	5	5	5	1	1	1	0	1	1	1	1	1	0	0	NA	1	1	1	none	fresh_concordance_promotion
bts3_w020__repeat00	bts3_w020	0	1	stability	pass	5	5	5	1	1	1	0	1	1	1	1	1	0	0	NA	1	1	1	none	fresh_concordance_promotion
bts3_w020__repeat00	bts3_w020	0	1	nt	pass	5	5	5	1	1	1	0	1	1	1	1	1	0	0	NA	1	1	1	none	fresh_concordance_promotion
bts3_w021__repeat00	bts3_w021	0	1	score	pass	5	5	5	1	1	1	0	1	1	1	1	1	0	0	NA	1	1	1	none	fresh_concordance_promotion
bts3_w021__repeat00	bts3_w021	0	1	stability	pass	5	5	5	1	1	1	0	1	1	1	1	1	0	0	NA	1	1	1	none	fresh_concordance_promotion
bts3_w021__repeat00	bts3_w021	0	1	nt	pass	5	5	5	1	1	1	0	1	1	1	1	1	0	0	NA	1	1	1	none	fresh_concordance_promotion
bts3_w022__repeat00	bts3_w022	0	1	score	pass	5	5	5	1	1	1	0	1	1	1	1	1	0	0	NA	1	1	1	none	fresh_concordance_promotion
bts3_w022__repeat00	bts3_w022	0	1	stability	pass	5	5	5	1	1	1	0	1	1	1	1	1	0	0	NA	1	1	1	none	fresh_concordance_promotion
bts3_w022__repeat00	bts3_w022	0	1	nt	pass	5	5	5	1	1	1	0	1	1	1	1	1	0	0	NA	1	1	1	none	fresh_concordance_promotion
bts3_w023__repeat00	bts3_w023	0	1	score	pass	5	5	5	1	1	1	0	1	1	1	1	1	0	0	NA	1	1	1	none	fresh_concordance_promotion
bts3_w023__repeat00	bts3_w023	0	1	stability	pass	5	5	5	1	1	1	0	1	1	1	1	1	0	0	NA	1	1	1	none	fresh_concordance_promotion
bts3_w023__repeat00	bts3_w023	0	1	nt	pass	5	5	5	1	1	1	0	1	1	1	1	1	0	0	NA	1	1	1	none	fresh_concordance_promotion
bts3_w024__repeat00	bts3_w024	0	1	score	pass	5	5	5	1	1	1	0	1	1	1	1	1	0	0	NA	1	1	1	none	fresh_concordance_promotion
bts3_w024__repeat00	bts3_w024	0	1	stability	pass	5	5	5	1	1	1	0	1	1	1	1	1	0	0	NA	1	1	1	none	fresh_concordance_promotion
bts3_w024__repeat00	bts3_w024	0	1	nt	pass	5	5	5	1	1	1	0	1	1	1	1	1	0	0	NA	1	1	1	none	fresh_concordance_promotion
bts3_w025__repeat00	bts3_w025	0	1	score	pass	5	5	5	1	1	1	0	1	1	1	1	1	0	0	NA	1	1	1	none	fresh_concordance_promotion
bts3_w025__repeat00	bts3_w025	0	1	stability	pass	5	5	5	1	1	1	0	1	1	1	1	1	0	0	NA	1	1	1	none	fresh_concordance_promotion
bts3_w025__repeat00	bts3_w025	0	1	nt	pass	5	5	5	1	1	1	0	1	1	1	1	1	0	0	NA	1	1	1	none	fresh_concordance_promotion
bts3_w026__repeat00	bts3_w026	0	1	score	pass	5	5	5	1	1	1	0	1	1	1	1	1	0	0	NA	1	1	1	none	fresh_concordance_promotion
bts3_w026__repeat00	bts3_w026	0	1	stability	pass	5	5	5	1	1	1	0	1	1	1	1	1	0	0	NA	1	1	1	none	fresh_concordance_promotion
bts3_w026__repeat00	bts3_w026	0	1	nt	pass	5	5	5	1	1	1	0	1	1	1	1	1	0	0	NA	1	1	1	none	fresh_concordance_promotion
bts3_w027__repeat00	bts3_w027	0	1	score	pass	5	5	5	1	1	1	0	1	1	1	1	1	0	0	NA	1	1	1	none	fresh_concordance_promotion
bts3_w027__repeat00	bts3_w027	0	1	stability	pass	5	5	5	1	1	1	0	1	1	1	1	1	0	0	NA	1	1	1	none	fresh_concordance_promotion
bts3_w027__repeat00	bts3_w027	0	1	nt	pass	5	5	5	1	1	1	0	1	1	1	1	1	0	0	NA	1	1	1	none	fresh_concordance_promotion
bts3_w028__repeat00	bts3_w028	0	1	score	pass	5	5	5	1	1	1	0	1	1	1	1	1	0	0	NA	1	1	1	none	fresh_concordance_promotion
bts3_w028__repeat00	bts3_w028	0	1	stability	pass	5	5	5	1	1	1	0	1	1	1	1	1	0	0	NA	1	1	1	none	fresh_concordance_promotion
bts3_w028__repeat00	bts3_w028	0	1	nt	pass	5	5	5	1	1	1	0	1	1	1	1	1	0	0	NA	1	1	1	none	fresh_concordance_promotion
bts3_w029__repeat00	bts3_w029	0	1	score	pass	5	5	5	1	1	1	0	1	1	1	1	1	0	0	NA	1	1	1	none	fresh_concordance_promotion
bts3_w029__repeat00	bts3_w029	0	1	stability	pass	5	5	5	1	1	1	0	1	1	1	1	1	0	0	NA	1	1	1	none	fresh_concordance_promotion
bts3_w029__repeat00	bts3_w029	0	1	nt	pass	5	5	5	1	1	1	0	1	1	1	1	1	0	0	NA	1	1	1	none	fresh_concordance_promotion
bts3_w030__repeat00	bts3_w030	0	1	score	pass	5	5	5	1	1	1	0	1	1	1	1	1	0	0	NA	1	1	1	none	fresh_concordance_promotion
bts3_w030__repeat00	bts3_w030	0	1	stability	pass	5	5	5	1	1	1	0	1	1	1	1	1	0	0	NA	1	1	1	none	fresh_concordance_promotion
bts3_w030__repeat00	bts3_w030	0	1	nt	pass	5	5	5	1	1	1	0	1	1	1	1	1	0	0	NA	1	1	1	none	fresh_concordance_promotion
bts3_w031__repeat00	bts3_w031	0	1	score	pass	5	5	5	1	1	1	0	1	1	1	1	1	0	0	NA	1	1	1	none	fresh_concordance_promotion
bts3_w031__repeat00	bts3_w031	0	1	stability	pass	5	5	5	1	1	1	0	1	1	1	1	1	0	0	NA	1	1	1	none	fresh_concordance_promotion
bts3_w031__repeat00	bts3_w031	0	1	nt	pass	5	5	5	1	1	1	0	1	1	1	1	1	0	0	NA	1	1	1	none	fresh_concordance_promotion
bts3_w032__repeat00	bts3_w032	0	1	score	pass	5	5	5	1	1	1	0	1	1	1	1	1	0	0	NA	1	1	1	none	fresh_concordance_promotion
bts3_w032__repeat00	bts3_w032	0	1	stability	pass	5	5	5	1	1	1	0	1	1	1	1	1	0	0	NA	1	1	1	none	fresh_concordance_promotion
bts3_w032__repeat00	bts3_w032	0	1	nt	pass	5	5	5	1	1	1	0	1	1	1	1	1	0	0	NA	1	1	1	none	fresh_concordance_promotion
bts3_w033__repeat00	bts3_w033	0	1	score	pass	5	5	5	1	1	1	0	1	1	1	1	1	0	0	NA	1	1	1	none	fresh_concordance_promotion
bts3_w033__repeat00	bts3_w033	0	1	stability	pass	5	5	5	1	1	1	0	1	1	1	1	1	0	0	NA	1	1	1	none	fresh_concordance_promotion
bts3_w033__repeat00	bts3_w033	0	1	nt	pass	5	5	5	1	1	1	0	1	1	1	1	1	0	0	NA	1	1	1	none	fresh_concordance_promotion
bts3_w034__repeat00	bts3_w034	0	1	score	pass	5	5	5	1	1	1	0	1	1	1	1	1	0	0	NA	1	1	1	none	fresh_concordance_promotion
bts3_w034__repeat00	bts3_w034	0	1	stability	pass	5	5	5	1	1	1	0	1	1	1	1	1	0	0	NA	1	1	1	none	fresh_concordance_promotion
bts3_w034__repeat00	bts3_w034	0	1	nt	pass	5	5	5	1	1	1	0	1	1	1	1	1	0	0	NA	1	1	1	none	fresh_concordance_promotion
bts3_w035__repeat00	bts3_w035	0	1	score	pass	5	5	5	1	1	1	0	1	1	1	1	1	0	0	NA	1	1	1	none	fresh_concordance_promotion
bts3_w035__repeat00	bts3_w035	0	1	stability	pass	5	5	5	1	1	1	0	1	1	1	1	1	0	0	NA	1	1	1	none	fresh_concordance_promotion
bts3_w035__repeat00	bts3_w035	0	1	nt	pass	5	5	5	1	1	1	0	1	1	1	1	1	0	0	NA	1	1	1	none	fresh_concordance_promotion
bts3_w036__repeat00	bts3_w036	0	1	score	pass	5	5	5	1	1	1	0	1	1	1	1	1	0	0	NA	1	1	1	none	fresh_concordance_promotion
bts3_w036__repeat00	bts3_w036	0	1	stability	pass	5	5	5	1	1	1	0	1	1	1	1	1	0	0	NA	1	1	1	none	fresh_concordance_promotion
bts3_w036__repeat00	bts3_w036	0	1	nt	pass	5	5	5	1	1	1	0	1	1	1	1	1	0	0	NA	1	1	1	none	fresh_concordance_promotion
bts3_w036__repeat01	bts3_w036	1	0	score	pass	5	5	5	1	1	1	0	1	1	1	1	1	0	0	NA	1	1	1	none	fresh_concordance_promotion
bts3_w036__repeat01	bts3_w036	1	0	stability	pass	5	5	5	1	1	1	0	1	1	1	1	1	0	0	NA	1	1	1	none	fresh_concordance_promotion
bts3_w036__repeat01	bts3_w036	1	0	nt	pass	5	5	5	1	1	1	0	1	1	1	1	1	0	0	NA	1	1	1	none	fresh_concordance_promotion
bts3_w037__repeat00	bts3_w037	0	1	score	pass	5	5	5	1	1	1	0	1	1	1	1	1	0	0	NA	1	1	1	none	fresh_concordance_promotion
bts3_w037__repeat00	bts3_w037	0	1	stability	pass	5	5	5	1	1	1	0	1	1	1	1	1	0	0	NA	1	1	1	none	fresh_concordance_promotion
bts3_w037__repeat00	bts3_w037	0	1	nt	pass	5	5	5	1	1	1	0	1	1	1	1	1	0	0	NA	1	1	1	none	fresh_concordance_promotion
bts3_w038__repeat00	bts3_w038	0	1	score	pass	5	5	5	1	1	1	0	1	1	1	1	1	0	0	NA	1	1	1	none	fresh_concordance_promotion
bts3_w038__repeat00	bts3_w038	0	1	stability	pass	5	5	5	1	1	1	0	1	1	1	1	1	0	0	NA	1	1	1	none	fresh_concordance_promotion
bts3_w038__repeat00	bts3_w038	0	1	nt	pass	5	5	5	1	1	1	0	1	1	1	1	1	0	0	NA	1	1	1	none	fresh_concordance_promotion
bts3_w039__repeat00	bts3_w039	0	1	score	pass	1	1	1	1	1	1	0	1	1	1	1	64289/200000	0	0	NA	1	1	1	none	fresh_concordance_promotion
bts3_w039__repeat00	bts3_w039	0	1	stability	pass	1	1	1	1	1	1	0	1	1	1	1	64289/200000	0	0	NA	1	1	1	none	fresh_concordance_promotion
bts3_w039__repeat00	bts3_w039	0	1	nt	pass	1	1	1	1	1	1	0	1	1	1	1	64289/200000	0	0	NA	1	1	1	none	fresh_concordance_promotion
bts3_w040__repeat00	bts3_w040	0	1	score	pass	5	5	5	1	1	1	0	1	1	1	1	1	0	0	NA	1	1	1	none	fresh_concordance_promotion
bts3_w040__repeat00	bts3_w040	0	1	stability	pass	5	5	5	1	1	1	0	1	1	1	1	1	0	0	NA	1	1	1	none	fresh_concordance_promotion
bts3_w040__repeat00	bts3_w040	0	1	nt	pass	5	5	5	1	1	1	0	1	1	1	1	1	0	0	NA	1	1	1	none	fresh_concordance_promotion
bts3_w041__repeat00	bts3_w041	0	1	score	scientific_mismatch	5	5	4	1	1	0	0	4/5	4/5	1	0	164711/200000	0	0	NA	1	1	0	true candidate-site substitution;extra candidate site;missing candidate site;same candidate site endpoint shift;strict-row diagnostic mismatch	fresh_concordance_promotion
bts3_w041__repeat00	bts3_w041	0	1	stability	scientific_mismatch	5	5	5	1	1	1	0	1	1	1	1	1	0	0	NA	1	1	1	same candidate site endpoint shift	fresh_concordance_promotion
bts3_w041__repeat00	bts3_w041	0	1	nt	scientific_mismatch	5	5	5	1	1	1	0	1	1	1	1	1	0	0	NA	1	1	1	same candidate site endpoint shift	fresh_concordance_promotion
bts3_w042__repeat00	bts3_w042	0	1	score	pass	5	5	5	1	1	1	0	1	1	1	1	1	0	0	NA	1	1	1	none	fresh_concordance_promotion
bts3_w042__repeat00	bts3_w042	0	1	stability	pass	5	5	5	1	1	1	0	1	1	1	1	1	0	0	NA	1	1	1	none	fresh_concordance_promotion
bts3_w042__repeat00	bts3_w042	0	1	nt	pass	5	5	5	1	1	1	0	1	1	1	1	1	0	0	NA	1	1	1	none	fresh_concordance_promotion
bts3_w043__repeat00	bts3_w043	0	1	score	pass	5	5	5	1	1	1	0	1	1	1	1	1	0	0	NA	1	1	1	none	fresh_concordance_promotion
bts3_w043__repeat00	bts3_w043	0	1	stability	pass	5	5	5	1	1	1	0	1	1	1	1	1	0	0	NA	1	1	1	none	fresh_concordance_promotion
bts3_w043__repeat00	bts3_w043	0	1	nt	pass	5	5	5	1	1	1	0	1	1	1	1	1	0	0	NA	1	1	1	none	fresh_concordance_promotion
bts3_w044__repeat00	bts3_w044	0	1	score	pass	5	5	5	1	1	1	0	1	1	1	1	1	0	0	NA	1	1	1	none	fresh_concordance_promotion
bts3_w044__repeat00	bts3_w044	0	1	stability	pass	5	5	5	1	1	1	0	1	1	1	1	1	0	0	NA	1	1	1	none	fresh_concordance_promotion
bts3_w044__repeat00	bts3_w044	0	1	nt	pass	5	5	5	1	1	1	0	1	1	1	1	1	0	0	NA	1	1	1	none	fresh_concordance_promotion
bts3_w045__repeat00	bts3_w045	0	1	score	pass	5	5	5	1	1	1	0	1	1	1	1	1	0	0	NA	1	1	1	none	fresh_concordance_promotion
bts3_w045__repeat00	bts3_w045	0	1	stability	pass	5	5	5	1	1	1	0	1	1	1	1	1	0	0	NA	1	1	1	none	fresh_concordance_promotion
bts3_w045__repeat00	bts3_w045	0	1	nt	pass	5	5	5	1	1	1	0	1	1	1	1	1	0	0	NA	1	1	1	none	fresh_concordance_promotion
bts3_w046__repeat00	bts3_w046	0	1	score	pass	5	5	5	1	1	1	0	1	1	1	1	1	0	0	NA	1	1	1	none	fresh_concordance_promotion
bts3_w046__repeat00	bts3_w046	0	1	stability	pass	5	5	5	1	1	1	0	1	1	1	1	1	0	0	NA	1	1	1	none	fresh_concordance_promotion
bts3_w046__repeat00	bts3_w046	0	1	nt	pass	5	5	5	1	1	1	0	1	1	1	1	1	0	0	NA	1	1	1	none	fresh_concordance_promotion
bts3_w047__repeat00	bts3_w047	0	1	score	pass	5	5	5	1	1	1	0	1	1	1	1	1	0	0	NA	1	1	1	none	fresh_concordance_promotion
bts3_w047__repeat00	bts3_w047	0	1	stability	pass	5	5	5	1	1	1	0	1	1	1	1	1	0	0	NA	1	1	1	none	fresh_concordance_promotion
bts3_w047__repeat00	bts3_w047	0	1	nt	pass	5	5	5	1	1	1	0	1	1	1	1	1	0	0	NA	1	1	1	none	fresh_concordance_promotion
bts3_w048__repeat00	bts3_w048	0	1	score	pass	5	5	5	1	1	1	0	1	1	1	1	1	0	0	NA	1	1	1	none	fresh_concordance_promotion
bts3_w048__repeat00	bts3_w048	0	1	stability	pass	5	5	5	1	1	1	0	1	1	1	1	1	0	0	NA	1	1	1	none	fresh_concordance_promotion
bts3_w048__repeat00	bts3_w048	0	1	nt	pass	5	5	5	1	1	1	0	1	1	1	1	1	0	0	NA	1	1	1	none	fresh_concordance_promotion
bts3_w049__repeat00	bts3_w049	0	1	score	pass	5	5	5	1	1	1	0	1	1	1	1	1	0	0	NA	1	1	1	none	fresh_concordance_promotion
bts3_w049__repeat00	bts3_w049	0	1	stability	pass	5	5	5	1	1	1	0	1	1	1	1	1	0	0	NA	1	1	1	none	fresh_concordance_promotion
bts3_w049__repeat00	bts3_w049	0	1	nt	pass	5	5	5	1	1	1	0	1	1	1	1	1	0	0	NA	1	1	1	none	fresh_concordance_promotion
bts3_w050__repeat00	bts3_w050	0	1	score	pass	5	5	5	1	1	1	0	1	1	1	1	1	0	0	NA	1	1	1	none	fresh_concordance_promotion
bts3_w050__repeat00	bts3_w050	0	1	stability	pass	5	5	5	1	1	1	0	1	1	1	1	1	0	0	NA	1	1	1	none	fresh_concordance_promotion
bts3_w050__repeat00	bts3_w050	0	1	nt	pass	5	5	5	1	1	1	0	1	1	1	1	1	0	0	NA	1	1	1	none	fresh_concordance_promotion
bts3_w051__repeat00	bts3_w051	0	1	score	pass	5	5	5	1	1	1	0	1	1	1	1	1	0	0	NA	1	1	1	none	fresh_concordance_promotion
bts3_w051__repeat00	bts3_w051	0	1	stability	pass	5	5	5	1	1	1	0	1	1	1	1	1	0	0	NA	1	1	1	none	fresh_concordance_promotion
bts3_w051__repeat00	bts3_w051	0	1	nt	pass	5	5	5	1	1	1	0	1	1	1	1	1	0	0	NA	1	1	1	none	fresh_concordance_promotion
bts3_w052__repeat00	bts3_w052	0	1	score	pass	5	5	5	1	1	1	0	1	1	1	1	1	0	0	NA	1	1	1	none	fresh_concordance_promotion
bts3_w052__repeat00	bts3_w052	0	1	stability	pass	5	5	5	1	1	1	0	1	1	1	1	1	0	0	NA	1	1	1	none	fresh_concordance_promotion
bts3_w052__repeat00	bts3_w052	0	1	nt	pass	5	5	5	1	1	1	0	1	1	1	1	1	0	0	NA	1	1	1	none	fresh_concordance_promotion
bts3_w053__repeat00	bts3_w053	0	1	score	pass	5	5	5	1	1	1	0	1	1	1	1	1	0	0	NA	1	1	1	none	fresh_concordance_promotion
bts3_w053__repeat00	bts3_w053	0	1	stability	pass	5	5	5	1	1	1	0	1	1	1	1	1	0	0	NA	1	1	1	none	fresh_concordance_promotion
bts3_w053__repeat00	bts3_w053	0	1	nt	pass	5	5	5	1	1	1	0	1	1	1	1	1	0	0	NA	1	1	1	none	fresh_concordance_promotion
bts3_w054__repeat00	bts3_w054	0	1	score	pass	5	5	5	1	1	1	0	1	1	1	1	1	0	0	NA	1	1	1	none	fresh_concordance_promotion
bts3_w054__repeat00	bts3_w054	0	1	stability	pass	5	5	5	1	1	1	0	1	1	1	1	1	0	0	NA	1	1	1	none	fresh_concordance_promotion
bts3_w054__repeat00	bts3_w054	0	1	nt	pass	5	5	5	1	1	1	0	1	1	1	1	1	0	0	NA	1	1	1	none	fresh_concordance_promotion
bts3_w055__repeat00	bts3_w055	0	1	score	pass	5	5	5	1	1	1	0	1	1	1	1	1	0	0	NA	1	1	1	none	fresh_concordance_promotion
bts3_w055__repeat00	bts3_w055	0	1	stability	pass	5	5	5	1	1	1	0	1	1	1	1	1	0	0	NA	1	1	1	none	fresh_concordance_promotion
bts3_w055__repeat00	bts3_w055	0	1	nt	pass	5	5	5	1	1	1	0	1	1	1	1	1	0	0	NA	1	1	1	none	fresh_concordance_promotion
bts3_w056__repeat00	bts3_w056	0	1	score	pass	5	5	5	1	1	1	0	1	1	1	1	1	0	0	NA	1	1	1	none	fresh_concordance_promotion
bts3_w056__repeat00	bts3_w056	0	1	stability	pass	5	5	5	1	1	1	0	1	1	1	1	1	0	0	NA	1	1	1	none	fresh_concordance_promotion
bts3_w056__repeat00	bts3_w056	0	1	nt	pass	5	5	5	1	1	1	0	1	1	1	1	1	0	0	NA	1	1	1	none	fresh_concordance_promotion
bts3_w057__repeat00	bts3_w057	0	1	score	pass	5	5	5	1	1	1	0	1	1	1	1	1	0	0	NA	1	1	1	none	fresh_concordance_promotion
bts3_w057__repeat00	bts3_w057	0	1	stability	pass	5	5	5	1	1	1	0	1	1	1	1	1	0	0	NA	1	1	1	none	fresh_concordance_promotion
bts3_w057__repeat00	bts3_w057	0	1	nt	pass	5	5	5	1	1	1	0	1	1	1	1	1	0	0	NA	1	1	1	none	fresh_concordance_promotion
bts3_w058__repeat00	bts3_w058	0	1	score	pass	5	5	5	1	1	1	0	1	1	1	1	1	0	0	NA	1	1	1	none	fresh_concordance_promotion
bts3_w058__repeat00	bts3_w058	0	1	stability	pass	5	5	5	1	1	1	0	1	1	1	1	1	0	0	NA	1	1	1	none	fresh_concordance_promotion
bts3_w058__repeat00	bts3_w058	0	1	nt	pass	5	5	5	1	1	1	0	1	1	1	1	1	0	0	NA	1	1	1	none	fresh_concordance_promotion
bts3_w059__repeat00	bts3_w059	0	1	score	pass	5	5	5	1	1	1	0	1	1	1	1	1	0	0	NA	1	1	1	none	fresh_concordance_promotion
bts3_w059__repeat00	bts3_w059	0	1	stability	pass	5	5	5	1	1	1	0	1	1	1	1	1	0	0	NA	1	1	1	none	fresh_concordance_promotion
bts3_w059__repeat00	bts3_w059	0	1	nt	pass	5	5	5	1	1	1	0	1	1	1	1	1	0	0	NA	1	1	1	none	fresh_concordance_promotion
bts3_w060__repeat00	bts3_w060	0	1	score	pass	5	5	5	1	1	1	0	1	1	1	1	1	0	0	NA	1	1	1	none	fresh_concordance_promotion
bts3_w060__repeat00	bts3_w060	0	1	stability	pass	5	5	5	1	1	1	0	1	1	1	1	1	0	0	NA	1	1	1	none	fresh_concordance_promotion
bts3_w060__repeat00	bts3_w060	0	1	nt	pass	5	5	5	1	1	1	0	1	1	1	1	1	0	0	NA	1	1	1	none	fresh_concordance_promotion
bts3_w061__repeat00	bts3_w061	0	1	score	pass	5	5	5	1	1	1	0	1	1	1	1	1	0	0	NA	1	1	1	none	fresh_concordance_promotion
bts3_w061__repeat00	bts3_w061	0	1	stability	pass	5	5	5	1	1	1	0	1	1	1	1	1	0	0	NA	1	1	1	none	fresh_concordance_promotion
bts3_w061__repeat00	bts3_w061	0	1	nt	pass	5	5	5	1	1	1	0	1	1	1	1	1	0	0	NA	1	1	1	none	fresh_concordance_promotion
bts3_w062__repeat00	bts3_w062	0	1	score	pass	5	5	5	1	1	1	0	1	1	1	1	1	0	0	NA	1	1	1	none	fresh_concordance_promotion
bts3_w062__repeat00	bts3_w062	0	1	stability	pass	5	5	5	1	1	1	0	1	1	1	1	1	0	0	NA	1	1	1	none	fresh_concordance_promotion
bts3_w062__repeat00	bts3_w062	0	1	nt	pass	5	5	5	1	1	1	0	1	1	1	1	1	0	0	NA	1	1	1	none	fresh_concordance_promotion
bts3_w063__repeat00	bts3_w063	0	1	score	pass	5	5	5	1	1	1	0	1	1	1	1	1	0	0	NA	1	1	1	none	fresh_concordance_promotion
bts3_w063__repeat00	bts3_w063	0	1	stability	pass	5	5	5	1	1	1	0	1	1	1	1	1	0	0	NA	1	1	1	none	fresh_concordance_promotion
bts3_w063__repeat00	bts3_w063	0	1	nt	pass	5	5	5	1	1	1	0	1	1	1	1	1	0	0	NA	1	1	1	none	fresh_concordance_promotion
bts3_w064__repeat00	bts3_w064	0	1	score	pass	5	5	5	1	1	1	0	1	1	1	1	1	0	0	NA	1	1	1	none	fresh_concordance_promotion
bts3_w064__repeat00	bts3_w064	0	1	stability	pass	5	5	5	1	1	1	0	1	1	1	1	1	0	0	NA	1	1	1	none	fresh_concordance_promotion
bts3_w064__repeat00	bts3_w064	0	1	nt	pass	5	5	5	1	1	1	0	1	1	1	1	1	0	0	NA	1	1	1	none	fresh_concordance_promotion
bts3_w065__repeat00	bts3_w065	0	1	score	pass	5	5	5	1	1	1	0	1	1	1	1	1	0	0	NA	1	1	1	none	fresh_concordance_promotion
bts3_w065__repeat00	bts3_w065	0	1	stability	pass	5	5	5	1	1	1	0	1	1	1	1	1	0	0	NA	1	1	1	none	fresh_concordance_promotion
bts3_w065__repeat00	bts3_w065	0	1	nt	pass	5	5	5	1	1	1	0	1	1	1	1	1	0	0	NA	1	1	1	none	fresh_concordance_promotion
bts3_w066__repeat00	bts3_w066	0	1	score	pass	5	5	5	1	1	1	0	1	1	1	1	1	0	0	NA	1	1	1	none	fresh_concordance_promotion
bts3_w066__repeat00	bts3_w066	0	1	stability	pass	5	5	5	1	1	1	0	1	1	1	1	1	0	0	NA	1	1	1	none	fresh_concordance_promotion
bts3_w066__repeat00	bts3_w066	0	1	nt	pass	5	5	5	1	1	1	0	1	1	1	1	1	0	0	NA	1	1	1	none	fresh_concordance_promotion
bts3_w067__repeat00	bts3_w067	0	1	score	pass	5	5	5	1	1	1	0	1	1	1	1	1	0	0	NA	1	1	1	none	fresh_concordance_promotion
bts3_w067__repeat00	bts3_w067	0	1	stability	pass	5	5	5	1	1	1	0	1	1	1	1	1	0	0	NA	1	1	1	none	fresh_concordance_promotion
bts3_w067__repeat00	bts3_w067	0	1	nt	pass	5	5	5	1	1	1	0	1	1	1	1	1	0	0	NA	1	1	1	none	fresh_concordance_promotion
bts3_w068__repeat00	bts3_w068	0	1	score	pass	5	5	5	1	1	1	0	1	1	1	1	1	0	0	NA	1	1	1	same candidate site endpoint shift	fresh_concordance_promotion
bts3_w068__repeat00	bts3_w068	0	1	stability	pass	5	5	5	1	1	1	0	1	1	1	1	1	0	0	NA	1	1	1	none	fresh_concordance_promotion
bts3_w068__repeat00	bts3_w068	0	1	nt	pass	5	5	5	1	1	1	0	1	1	1	1	1	0	0	NA	1	1	1	none	fresh_concordance_promotion
bts3_w069__repeat00	bts3_w069	0	1	score	pass	5	5	5	1	1	1	0	1	1	1	1	1	0	0	NA	1	1	1	none	fresh_concordance_promotion
bts3_w069__repeat00	bts3_w069	0	1	stability	pass	5	5	5	1	1	1	0	1	1	1	1	1	0	0	NA	1	1	1	none	fresh_concordance_promotion
bts3_w069__repeat00	bts3_w069	0	1	nt	pass	5	5	5	1	1	1	0	1	1	1	1	1	0	0	NA	1	1	1	none	fresh_concordance_promotion
bts3_w070__repeat00	bts3_w070	0	1	score	pass	5	5	5	1	1	1	0	1	1	1	1	1	0	0	NA	1	1	1	none	fresh_concordance_promotion
bts3_w070__repeat00	bts3_w070	0	1	stability	pass	5	5	5	1	1	1	0	1	1	1	1	1	0	0	NA	1	1	1	none	fresh_concordance_promotion
bts3_w070__repeat00	bts3_w070	0	1	nt	pass	5	5	5	1	1	1	0	1	1	1	1	1	0	0	NA	1	1	1	none	fresh_concordance_promotion
bts3_w071__repeat00	bts3_w071	0	1	score	clean_double_empty_noninformative	0	0	0	0	0	NA	1	NA	NA	0	NA	0	0	0	NA	1	1	1	none	fresh_concordance_promotion
bts3_w071__repeat00	bts3_w071	0	1	stability	clean_double_empty_noninformative	0	0	0	0	0	NA	1	NA	NA	0	NA	0	0	0	NA	1	1	1	none	fresh_concordance_promotion
bts3_w071__repeat00	bts3_w071	0	1	nt	clean_double_empty_noninformative	0	0	0	0	0	NA	1	NA	NA	0	NA	0	0	0	NA	1	1	1	none	fresh_concordance_promotion
bts3_w072__repeat00	bts3_w072	0	1	score	pass	5	5	5	1	1	1	0	1	1	1	1	1	0	0	NA	1	1	1	none	fresh_concordance_promotion
bts3_w072__repeat00	bts3_w072	0	1	stability	pass	5	5	5	1	1	1	0	1	1	1	1	1	0	0	NA	1	1	1	none	fresh_concordance_promotion
bts3_w072__repeat00	bts3_w072	0	1	nt	pass	5	5	5	1	1	1	0	1	1	1	1	1	0	0	NA	1	1	1	none	fresh_concordance_promotion
bts3_w073__repeat00	bts3_w073	0	1	score	pass	5	5	5	1	1	1	0	1	1	1	1	1	0	0	NA	1	1	1	none	fresh_concordance_promotion
bts3_w073__repeat00	bts3_w073	0	1	stability	pass	5	5	5	1	1	1	0	1	1	1	1	1	0	0	NA	1	1	1	none	fresh_concordance_promotion
bts3_w073__repeat00	bts3_w073	0	1	nt	pass	5	5	5	1	1	1	0	1	1	1	1	1	0	0	NA	1	1	1	none	fresh_concordance_promotion
bts3_w074__repeat00	bts3_w074	0	1	score	pass	5	5	5	1	1	1	0	1	1	1	1	1	0	0	NA	1	1	1	none	fresh_concordance_promotion
bts3_w074__repeat00	bts3_w074	0	1	stability	pass	5	5	5	1	1	1	0	1	1	1	1	1	0	0	NA	1	1	1	none	fresh_concordance_promotion
bts3_w074__repeat00	bts3_w074	0	1	nt	pass	5	5	5	1	1	1	0	1	1	1	1	1	0	0	NA	1	1	1	none	fresh_concordance_promotion
bts3_w075__repeat00	bts3_w075	0	1	score	scientific_mismatch	5	5	5	1	1	1	0	1	1	1	1	1	0	0	NA	1	1	1	same candidate site endpoint shift	fresh_concordance_promotion
bts3_w075__repeat00	bts3_w075	0	1	stability	scientific_mismatch	5	5	5	1	1	1	0	1	1	1	1	1	0	0	NA	1	1	1	same candidate site endpoint shift	fresh_concordance_promotion
bts3_w075__repeat00	bts3_w075	0	1	nt	scientific_mismatch	5	5	4	1	1	0	0	4/5	4/5	1	0	164711/200000	0	0	NA	1	1	0	true candidate-site substitution;extra candidate site;missing candidate site;same candidate site endpoint shift;strict-row diagnostic mismatch	fresh_concordance_promotion
bts3_w076__repeat00	bts3_w076	0	1	score	pass	5	5	5	1	1	1	0	1	1	1	1	1	0	0	NA	1	1	1	none	fresh_concordance_promotion
bts3_w076__repeat00	bts3_w076	0	1	stability	pass	5	5	5	1	1	1	0	1	1	1	1	1	0	0	NA	1	1	1	none	fresh_concordance_promotion
bts3_w076__repeat00	bts3_w076	0	1	nt	pass	5	5	5	1	1	1	0	1	1	1	1	1	0	0	NA	1	1	1	none	fresh_concordance_promotion
bts3_w077__repeat00	bts3_w077	0	1	score	pass	5	5	5	1	1	1	0	1	1	1	1	1	0	0	NA	1	1	1	none	fresh_concordance_promotion
bts3_w077__repeat00	bts3_w077	0	1	stability	pass	5	5	5	1	1	1	0	1	1	1	1	1	0	0	NA	1	1	1	none	fresh_concordance_promotion
bts3_w077__repeat00	bts3_w077	0	1	nt	pass	5	5	5	1	1	1	0	1	1	1	1	1	0	0	NA	1	1	1	none	fresh_concordance_promotion
bts3_w078__repeat00	bts3_w078	0	1	score	pass	5	5	5	1	1	1	0	1	1	1	1	1	0	0	NA	1	1	1	none	fresh_concordance_promotion
bts3_w078__repeat00	bts3_w078	0	1	stability	pass	5	5	5	1	1	1	0	1	1	1	1	1	0	0	NA	1	1	1	none	fresh_concordance_promotion
bts3_w078__repeat00	bts3_w078	0	1	nt	pass	5	5	5	1	1	1	0	1	1	1	1	1	0	0	NA	1	1	1	none	fresh_concordance_promotion
bts3_w079__repeat00	bts3_w079	0	1	score	pass	5	5	5	1	1	1	0	1	1	1	1	1	0	0	NA	1	1	1	none	fresh_concordance_promotion
bts3_w079__repeat00	bts3_w079	0	1	stability	pass	5	5	5	1	1	1	0	1	1	1	1	1	0	0	NA	1	1	1	none	fresh_concordance_promotion
bts3_w079__repeat00	bts3_w079	0	1	nt	pass	5	5	5	1	1	1	0	1	1	1	1	1	0	0	NA	1	1	1	none	fresh_concordance_promotion
bts3_w080__repeat00	bts3_w080	0	1	score	pass	5	5	5	1	1	1	0	1	1	1	1	1	0	0	NA	1	1	1	none	fresh_concordance_promotion
bts3_w080__repeat00	bts3_w080	0	1	stability	pass	5	5	5	1	1	1	0	1	1	1	1	1	0	0	NA	1	1	1	none	fresh_concordance_promotion
bts3_w080__repeat00	bts3_w080	0	1	nt	pass	5	5	5	1	1	1	0	1	1	1	1	1	0	0	NA	1	1	1	none	fresh_concordance_promotion
bts3_w081__repeat00	bts3_w081	0	1	score	pass	5	5	5	1	1	1	0	1	1	1	1	1	0	0	NA	1	1	1	none	fresh_concordance_promotion
bts3_w081__repeat00	bts3_w081	0	1	stability	pass	5	5	5	1	1	1	0	1	1	1	1	1	0	0	NA	1	1	1	none	fresh_concordance_promotion
bts3_w081__repeat00	bts3_w081	0	1	nt	pass	5	5	5	1	1	1	0	1	1	1	1	1	0	0	NA	1	1	1	none	fresh_concordance_promotion
bts3_w082__repeat00	bts3_w082	0	1	score	pass	3	3	3	1	1	1	0	1	1	1	1	143867/200000	0	0	NA	1	1	1	none	fresh_concordance_promotion
bts3_w082__repeat00	bts3_w082	0	1	stability	pass	3	3	3	1	1	1	0	1	1	1	1	143867/200000	0	0	NA	1	1	1	none	fresh_concordance_promotion
bts3_w082__repeat00	bts3_w082	0	1	nt	pass	3	3	3	1	1	1	0	1	1	1	1	143867/200000	0	0	NA	1	1	1	none	fresh_concordance_promotion
bts3_w083__repeat00	bts3_w083	0	1	score	pass	2	2	2	1	1	1	0	1	1	1	1	54289/100000	0	0	NA	1	1	1	none	fresh_concordance_promotion
bts3_w083__repeat00	bts3_w083	0	1	stability	pass	2	2	2	1	1	1	0	1	1	1	1	54289/100000	0	0	NA	1	1	1	none	fresh_concordance_promotion
bts3_w083__repeat00	bts3_w083	0	1	nt	pass	2	2	2	1	1	1	0	1	1	1	1	54289/100000	0	0	NA	1	1	1	none	fresh_concordance_promotion
bts3_w084__repeat00	bts3_w084	0	1	score	pass	5	5	5	1	1	1	0	1	1	1	1	1	0	0	NA	1	1	1	none	fresh_concordance_promotion
bts3_w084__repeat00	bts3_w084	0	1	stability	pass	5	5	5	1	1	1	0	1	1	1	1	1	0	0	NA	1	1	1	none	fresh_concordance_promotion
bts3_w084__repeat00	bts3_w084	0	1	nt	pass	5	5	5	1	1	1	0	1	1	1	1	1	0	0	NA	1	1	1	none	fresh_concordance_promotion
bts3_w085__repeat00	bts3_w085	0	1	score	pass	5	5	5	1	1	1	0	1	1	1	1	1	0	0	NA	1	1	1	none	fresh_concordance_promotion
bts3_w085__repeat00	bts3_w085	0	1	stability	pass	5	5	5	1	1	1	0	1	1	1	1	1	0	0	NA	1	1	1	none	fresh_concordance_promotion
bts3_w085__repeat00	bts3_w085	0	1	nt	pass	5	5	5	1	1	1	0	1	1	1	1	1	0	0	NA	1	1	1	none	fresh_concordance_promotion
bts3_w086__repeat00	bts3_w086	0	1	score	pass	4	4	4	1	1	1	0	1	1	1	1	43439/50000	0	0	NA	1	1	1	none	fresh_concordance_promotion
bts3_w086__repeat00	bts3_w086	0	1	stability	pass	4	4	4	1	1	1	0	1	1	1	1	43439/50000	0	0	NA	1	1	1	none	fresh_concordance_promotion
bts3_w086__repeat00	bts3_w086	0	1	nt	pass	4	4	4	1	1	1	0	1	1	1	1	43439/50000	0	0	NA	1	1	1	none	fresh_concordance_promotion
bts3_w087__repeat00	bts3_w087	0	1	score	pass	5	5	5	1	1	1	0	1	1	1	1	1	0	0	NA	1	1	1	none	fresh_concordance_promotion
bts3_w087__repeat00	bts3_w087	0	1	stability	pass	5	5	5	1	1	1	0	1	1	1	1	1	0	0	NA	1	1	1	none	fresh_concordance_promotion
bts3_w087__repeat00	bts3_w087	0	1	nt	pass	5	5	5	1	1	1	0	1	1	1	1	1	0	0	NA	1	1	1	none	fresh_concordance_promotion
bts3_w088__repeat00	bts3_w088	0	1	score	pass	5	5	5	1	1	1	0	1	1	1	1	1	0	0	NA	1	1	1	none	fresh_concordance_promotion
bts3_w088__repeat00	bts3_w088	0	1	stability	pass	5	5	5	1	1	1	0	1	1	1	1	1	0	0	NA	1	1	1	none	fresh_concordance_promotion
bts3_w088__repeat00	bts3_w088	0	1	nt	pass	5	5	5	1	1	1	0	1	1	1	1	1	0	0	NA	1	1	1	none	fresh_concordance_promotion
bts3_w089__repeat00	bts3_w089	0	1	score	pass	5	5	5	1	1	1	0	1	1	1	1	1	0	0	NA	1	1	1	none	fresh_concordance_promotion
bts3_w089__repeat00	bts3_w089	0	1	stability	pass	5	5	5	1	1	1	0	1	1	1	1	1	0	0	NA	1	1	1	none	fresh_concordance_promotion
bts3_w089__repeat00	bts3_w089	0	1	nt	pass	5	5	5	1	1	1	0	1	1	1	1	1	0	0	NA	1	1	1	none	fresh_concordance_promotion
bts3_w090__repeat00	bts3_w090	0	1	score	pass	5	5	5	1	1	1	0	1	1	1	1	1	0	0	NA	1	1	1	same candidate site endpoint shift	fresh_concordance_promotion
bts3_w090__repeat00	bts3_w090	0	1	stability	pass	5	5	5	1	1	1	0	1	1	1	1	1	0	0	NA	1	1	1	none	fresh_concordance_promotion
bts3_w090__repeat00	bts3_w090	0	1	nt	pass	5	5	5	1	1	1	0	1	1	1	1	1	0	0	NA	1	1	1	same candidate site endpoint shift	fresh_concordance_promotion
bts3_w091__repeat00	bts3_w091	0	1	score	pass	5	5	5	1	1	1	0	1	1	1	1	1	0	0	NA	1	1	1	none	fresh_concordance_promotion
bts3_w091__repeat00	bts3_w091	0	1	stability	pass	5	5	5	1	1	1	0	1	1	1	1	1	0	0	NA	1	1	1	none	fresh_concordance_promotion
bts3_w091__repeat00	bts3_w091	0	1	nt	pass	5	5	5	1	1	1	0	1	1	1	1	1	0	0	NA	1	1	1	none	fresh_concordance_promotion
bts3_w092__repeat00	bts3_w092	0	1	score	pass	1	1	1	1	1	1	0	1	1	1	1	64289/200000	0	0	NA	1	1	1	none	fresh_concordance_promotion
bts3_w092__repeat00	bts3_w092	0	1	stability	pass	1	1	1	1	1	1	0	1	1	1	1	64289/200000	0	0	NA	1	1	1	none	fresh_concordance_promotion
bts3_w092__repeat00	bts3_w092	0	1	nt	pass	1	1	1	1	1	1	0	1	1	1	1	64289/200000	0	0	NA	1	1	1	none	fresh_concordance_promotion
bts3_w093__repeat00	bts3_w093	0	1	score	pass	5	5	5	1	1	1	0	1	1	1	1	1	0	0	NA	1	1	1	none	fresh_concordance_promotion
bts3_w093__repeat00	bts3_w093	0	1	stability	pass	5	5	5	1	1	1	0	1	1	1	1	1	0	0	NA	1	1	1	none	fresh_concordance_promotion
bts3_w093__repeat00	bts3_w093	0	1	nt	pass	5	5	5	1	1	1	0	1	1	1	1	1	0	0	NA	1	1	1	none	fresh_concordance_promotion
bts3_w094__repeat00	bts3_w094	0	1	score	pass	3	3	3	1	1	1	0	1	1	1	1	143867/200000	0	0	NA	1	1	1	none	fresh_concordance_promotion
bts3_w094__repeat00	bts3_w094	0	1	stability	pass	3	3	3	1	1	1	0	1	1	1	1	143867/200000	0	0	NA	1	1	1	none	fresh_concordance_promotion
bts3_w094__repeat00	bts3_w094	0	1	nt	pass	3	3	3	1	1	1	0	1	1	1	1	143867/200000	0	0	NA	1	1	1	none	fresh_concordance_promotion
bts3_w095__repeat00	bts3_w095	0	1	score	pass	5	5	5	1	1	1	0	1	1	1	1	1	0	0	NA	1	1	1	none	fresh_concordance_promotion
bts3_w095__repeat00	bts3_w095	0	1	stability	pass	5	5	5	1	1	1	0	1	1	1	1	1	0	0	NA	1	1	1	none	fresh_concordance_promotion
bts3_w095__repeat00	bts3_w095	0	1	nt	pass	5	5	5	1	1	1	0	1	1	1	1	1	0	0	NA	1	1	1	none	fresh_concordance_promotion
bts3_w096__repeat00	bts3_w096	0	1	score	pass	5	5	5	1	1	1	0	1	1	1	1	1	0	0	NA	1	1	1	none	fresh_concordance_promotion
bts3_w096__repeat00	bts3_w096	0	1	stability	pass	5	5	5	1	1	1	0	1	1	1	1	1	0	0	NA	1	1	1	none	fresh_concordance_promotion
bts3_w096__repeat00	bts3_w096	0	1	nt	pass	5	5	5	1	1	1	0	1	1	1	1	1	0	0	NA	1	1	1	none	fresh_concordance_promotion
bts3_w097__repeat00	bts3_w097	0	1	score	pass	5	5	5	1	1	1	0	1	1	1	1	1	0	0	NA	1	1	1	none	fresh_concordance_promotion
bts3_w097__repeat00	bts3_w097	0	1	stability	pass	5	5	5	1	1	1	0	1	1	1	1	1	0	0	NA	1	1	1	none	fresh_concordance_promotion
bts3_w097__repeat00	bts3_w097	0	1	nt	pass	5	5	5	1	1	1	0	1	1	1	1	1	0	0	NA	1	1	1	none	fresh_concordance_promotion
bts3_w097__repeat01	bts3_w097	1	0	score	pass	5	5	5	1	1	1	0	1	1	1	1	1	0	0	NA	1	1	1	none	fresh_concordance_promotion
bts3_w097__repeat01	bts3_w097	1	0	stability	pass	5	5	5	1	1	1	0	1	1	1	1	1	0	0	NA	1	1	1	none	fresh_concordance_promotion
bts3_w097__repeat01	bts3_w097	1	0	nt	pass	5	5	5	1	1	1	0	1	1	1	1	1	0	0	NA	1	1	1	none	fresh_concordance_promotion
bts3_w098__repeat00	bts3_w098	0	1	score	pass	5	5	5	1	1	1	0	1	1	1	1	1	0	0	NA	1	1	1	none	fresh_concordance_promotion
bts3_w098__repeat00	bts3_w098	0	1	stability	pass	5	5	5	1	1	1	0	1	1	1	1	1	0	0	NA	1	1	1	none	fresh_concordance_promotion
bts3_w098__repeat00	bts3_w098	0	1	nt	pass	5	5	5	1	1	1	0	1	1	1	1	1	0	0	NA	1	1	1	none	fresh_concordance_promotion
bts3_w099__repeat00	bts3_w099	0	1	score	pass	5	5	5	1	1	1	0	1	1	1	1	1	0	0	NA	1	1	1	none	fresh_concordance_promotion
bts3_w099__repeat00	bts3_w099	0	1	stability	pass	5	5	5	1	1	1	0	1	1	1	1	1	0	0	NA	1	1	1	none	fresh_concordance_promotion
bts3_w099__repeat00	bts3_w099	0	1	nt	pass	5	5	5	1	1	1	0	1	1	1	1	1	0	0	NA	1	1	1	none	fresh_concordance_promotion
bts3_w100__repeat00	bts3_w100	0	1	score	pass	5	5	5	1	1	1	0	1	1	1	1	1	0	0	NA	1	1	1	none	fresh_concordance_promotion
bts3_w100__repeat00	bts3_w100	0	1	stability	pass	5	5	5	1	1	1	0	1	1	1	1	1	0	0	NA	1	1	1	none	fresh_concordance_promotion
bts3_w100__repeat00	bts3_w100	0	1	nt	pass	5	5	5	1	1	1	0	1	1	1	1	1	0	0	NA	1	1	1	none	fresh_concordance_promotion
bts3_w101__repeat00	bts3_w101	0	1	score	pass	3	3	3	1	1	1	0	1	1	1	1	143867/200000	0	0	NA	1	1	1	none	fresh_concordance_promotion
bts3_w101__repeat00	bts3_w101	0	1	stability	pass	3	3	3	1	1	1	0	1	1	1	1	143867/200000	0	0	NA	1	1	1	none	fresh_concordance_promotion
bts3_w101__repeat00	bts3_w101	0	1	nt	pass	3	3	3	1	1	1	0	1	1	1	1	143867/200000	0	0	NA	1	1	1	none	fresh_concordance_promotion
bts3_w102__repeat00	bts3_w102	0	1	score	pass	5	5	5	1	1	1	0	1	1	1	1	1	0	0	NA	1	1	1	none	fresh_concordance_promotion
bts3_w102__repeat00	bts3_w102	0	1	stability	pass	5	5	5	1	1	1	0	1	1	1	1	1	0	0	NA	1	1	1	none	fresh_concordance_promotion
bts3_w102__repeat00	bts3_w102	0	1	nt	pass	5	5	5	1	1	1	0	1	1	1	1	1	0	0	NA	1	1	1	none	fresh_concordance_promotion
bts3_w103__repeat00	bts3_w103	0	1	score	pass	5	5	5	1	1	1	0	1	1	1	1	1	0	0	NA	1	1	1	none	fresh_concordance_promotion
bts3_w103__repeat00	bts3_w103	0	1	stability	pass	5	5	5	1	1	1	0	1	1	1	1	1	0	0	NA	1	1	1	none	fresh_concordance_promotion
bts3_w103__repeat00	bts3_w103	0	1	nt	pass	5	5	5	1	1	1	0	1	1	1	1	1	0	0	NA	1	1	1	none	fresh_concordance_promotion
bts3_w104__repeat00	bts3_w104	0	1	score	pass	5	5	5	1	1	1	0	1	1	1	1	1	0	0	NA	1	1	1	none	fresh_concordance_promotion
bts3_w104__repeat00	bts3_w104	0	1	stability	pass	5	5	5	1	1	1	0	1	1	1	1	1	0	0	NA	1	1	1	none	fresh_concordance_promotion
bts3_w104__repeat00	bts3_w104	0	1	nt	pass	5	5	5	1	1	1	0	1	1	1	1	1	0	0	NA	1	1	1	none	fresh_concordance_promotion
bts3_w105__repeat00	bts3_w105	0	1	score	pass	5	5	5	1	1	1	0	1	1	1	1	1	0	0	NA	1	1	1	none	fresh_concordance_promotion
bts3_w105__repeat00	bts3_w105	0	1	stability	pass	5	5	5	1	1	1	0	1	1	1	1	1	0	0	NA	1	1	1	none	fresh_concordance_promotion
bts3_w105__repeat00	bts3_w105	0	1	nt	pass	5	5	5	1	1	1	0	1	1	1	1	1	0	0	NA	1	1	1	none	fresh_concordance_promotion
bts3_w106__repeat00	bts3_w106	0	1	score	pass	5	5	5	1	1	1	0	1	1	1	1	1	0	0	NA	1	1	1	none	fresh_concordance_promotion
bts3_w106__repeat00	bts3_w106	0	1	stability	pass	5	5	5	1	1	1	0	1	1	1	1	1	0	0	NA	1	1	1	none	fresh_concordance_promotion
bts3_w106__repeat00	bts3_w106	0	1	nt	pass	5	5	5	1	1	1	0	1	1	1	1	1	0	0	NA	1	1	1	none	fresh_concordance_promotion
bts3_w107__repeat00	bts3_w107	0	1	score	pass	5	5	5	1	1	1	0	1	1	1	1	1	0	0	NA	1	1	1	none	fresh_concordance_promotion
bts3_w107__repeat00	bts3_w107	0	1	stability	pass	5	5	5	1	1	1	0	1	1	1	1	1	0	0	NA	1	1	1	none	fresh_concordance_promotion
bts3_w107__repeat00	bts3_w107	0	1	nt	pass	5	5	5	1	1	1	0	1	1	1	1	1	0	0	NA	1	1	1	none	fresh_concordance_promotion
bts3_w108__repeat00	bts3_w108	0	1	score	pass	5	5	5	1	1	1	0	1	1	1	1	1	0	0	NA	1	1	1	none	fresh_concordance_promotion
bts3_w108__repeat00	bts3_w108	0	1	stability	pass	5	5	5	1	1	1	0	1	1	1	1	1	0	0	NA	1	1	1	none	fresh_concordance_promotion
bts3_w108__repeat00	bts3_w108	0	1	nt	pass	5	5	5	1	1	1	0	1	1	1	1	1	0	0	NA	1	1	1	none	fresh_concordance_promotion
bts3_w109__repeat00	bts3_w109	0	1	score	pass	5	5	5	1	1	1	0	1	1	1	1	1	0	0	NA	1	1	1	none	fresh_concordance_promotion
bts3_w109__repeat00	bts3_w109	0	1	stability	pass	5	5	5	1	1	1	0	1	1	1	1	1	0	0	NA	1	1	1	none	fresh_concordance_promotion
bts3_w109__repeat00	bts3_w109	0	1	nt	pass	5	5	5	1	1	1	0	1	1	1	1	1	0	0	NA	1	1	1	none	fresh_concordance_promotion
bts3_w110__repeat00	bts3_w110	0	1	score	pass	5	5	5	1	1	1	0	1	1	1	1	1	0	0	NA	1	1	1	none	fresh_concordance_promotion
bts3_w110__repeat00	bts3_w110	0	1	stability	pass	5	5	5	1	1	1	0	1	1	1	1	1	0	0	NA	1	1	1	none	fresh_concordance_promotion
bts3_w110__repeat00	bts3_w110	0	1	nt	pass	5	5	5	1	1	1	0	1	1	1	1	1	0	0	NA	1	1	1	none	fresh_concordance_promotion
bts3_w111__repeat00	bts3_w111	0	1	score	pass	2	2	2	1	1	1	0	1	1	1	1	54289/100000	0	0	NA	1	1	1	none	fresh_concordance_promotion
bts3_w111__repeat00	bts3_w111	0	1	stability	pass	2	2	2	1	1	1	0	1	1	1	1	54289/100000	0	0	NA	1	1	1	none	fresh_concordance_promotion
bts3_w111__repeat00	bts3_w111	0	1	nt	pass	2	2	2	1	1	1	0	1	1	1	1	54289/100000	0	0	NA	1	1	1	none	fresh_concordance_promotion
bts3_w112__repeat00	bts3_w112	0	1	score	pass	5	5	5	1	1	1	0	1	1	1	1	1	0	0	NA	1	1	1	none	fresh_concordance_promotion
bts3_w112__repeat00	bts3_w112	0	1	stability	pass	5	5	5	1	1	1	0	1	1	1	1	1	0	0	NA	1	1	1	none	fresh_concordance_promotion
bts3_w112__repeat00	bts3_w112	0	1	nt	pass	5	5	5	1	1	1	0	1	1	1	1	1	0	0	NA	1	1	1	none	fresh_concordance_promotion
bts3_w113__repeat00	bts3_w113	0	1	score	pass	5	5	5	1	1	1	0	1	1	1	1	1	0	0	NA	1	1	1	none	fresh_concordance_promotion
bts3_w113__repeat00	bts3_w113	0	1	stability	pass	5	5	5	1	1	1	0	1	1	1	1	1	0	0	NA	1	1	1	none	fresh_concordance_promotion
bts3_w113__repeat00	bts3_w113	0	1	nt	pass	5	5	5	1	1	1	0	1	1	1	1	1	0	0	NA	1	1	1	none	fresh_concordance_promotion
bts3_w114__repeat00	bts3_w114	0	1	score	pass	5	5	5	1	1	1	0	1	1	1	1	1	0	0	NA	1	1	1	none	fresh_concordance_promotion
bts3_w114__repeat00	bts3_w114	0	1	stability	pass	5	5	5	1	1	1	0	1	1	1	1	1	0	0	NA	1	1	1	none	fresh_concordance_promotion
bts3_w114__repeat00	bts3_w114	0	1	nt	pass	5	5	5	1	1	1	0	1	1	1	1	1	0	0	NA	1	1	1	none	fresh_concordance_promotion
bts3_w115__repeat00	bts3_w115	0	1	score	pass	5	5	5	1	1	1	0	1	1	1	1	1	0	0	NA	1	1	1	none	fresh_concordance_promotion
bts3_w115__repeat00	bts3_w115	0	1	stability	pass	5	5	5	1	1	1	0	1	1	1	1	1	0	0	NA	1	1	1	none	fresh_concordance_promotion
bts3_w115__repeat00	bts3_w115	0	1	nt	pass	5	5	5	1	1	1	0	1	1	1	1	1	0	0	NA	1	1	1	none	fresh_concordance_promotion
bts3_w116__repeat00	bts3_w116	0	1	score	pass	5	5	5	1	1	1	0	1	1	1	1	1	0	0	NA	1	1	1	none	fresh_concordance_promotion
bts3_w116__repeat00	bts3_w116	0	1	stability	pass	5	5	5	1	1	1	0	1	1	1	1	1	0	0	NA	1	1	1	none	fresh_concordance_promotion
bts3_w116__repeat00	bts3_w116	0	1	nt	pass	5	5	5	1	1	1	0	1	1	1	1	1	0	0	NA	1	1	1	none	fresh_concordance_promotion
bts3_w117__repeat00	bts3_w117	0	1	score	pass	5	5	5	1	1	1	0	1	1	1	1	1	0	0	NA	1	1	1	none	fresh_concordance_promotion
bts3_w117__repeat00	bts3_w117	0	1	stability	pass	5	5	5	1	1	1	0	1	1	1	1	1	0	0	NA	1	1	1	none	fresh_concordance_promotion
bts3_w117__repeat00	bts3_w117	0	1	nt	pass	5	5	5	1	1	1	0	1	1	1	1	1	0	0	NA	1	1	1	none	fresh_concordance_promotion
bts3_w118__repeat00	bts3_w118	0	1	score	pass	5	5	5	1	1	1	0	1	1	1	1	1	0	0	NA	1	1	1	none	fresh_concordance_promotion
bts3_w118__repeat00	bts3_w118	0	1	stability	pass	5	5	5	1	1	1	0	1	1	1	1	1	0	0	NA	1	1	1	none	fresh_concordance_promotion
bts3_w118__repeat00	bts3_w118	0	1	nt	pass	5	5	5	1	1	1	0	1	1	1	1	1	0	0	NA	1	1	1	none	fresh_concordance_promotion
bts3_w119__repeat00	bts3_w119	0	1	score	pass	5	5	5	1	1	1	0	1	1	1	1	1	0	0	NA	1	1	1	same candidate site endpoint shift	fresh_concordance_promotion
bts3_w119__repeat00	bts3_w119	0	1	stability	pass	5	5	5	1	1	1	0	1	1	1	1	1	0	0	NA	1	1	1	none	fresh_concordance_promotion
bts3_w119__repeat00	bts3_w119	0	1	nt	pass	5	5	5	1	1	1	0	1	1	1	1	1	0	0	NA	1	1	1	same candidate site endpoint shift	fresh_concordance_promotion
bts3_w120__repeat00	bts3_w120	0	1	score	pass	5	5	5	1	1	1	0	1	1	1	1	1	0	0	NA	1	1	1	none	fresh_concordance_promotion
bts3_w120__repeat00	bts3_w120	0	1	stability	pass	5	5	5	1	1	1	0	1	1	1	1	1	0	0	NA	1	1	1	none	fresh_concordance_promotion
bts3_w120__repeat00	bts3_w120	0	1	nt	pass	5	5	5	1	1	1	0	1	1	1	1	1	0	0	NA	1	1	1	none	fresh_concordance_promotion
bts3_w121__repeat00	bts3_w121	0	1	score	pass	5	5	5	1	1	1	0	1	1	1	1	1	0	0	NA	1	1	1	none	fresh_concordance_promotion
bts3_w121__repeat00	bts3_w121	0	1	stability	pass	5	5	5	1	1	1	0	1	1	1	1	1	0	0	NA	1	1	1	none	fresh_concordance_promotion
bts3_w121__repeat00	bts3_w121	0	1	nt	pass	5	5	5	1	1	1	0	1	1	1	1	1	0	0	NA	1	1	1	none	fresh_concordance_promotion
bts3_w122__repeat00	bts3_w122	0	1	score	pass	5	5	5	1	1	1	0	1	1	1	1	1	0	0	NA	1	1	1	none	fresh_concordance_promotion
bts3_w122__repeat00	bts3_w122	0	1	stability	pass	5	5	5	1	1	1	0	1	1	1	1	1	0	0	NA	1	1	1	none	fresh_concordance_promotion
bts3_w122__repeat00	bts3_w122	0	1	nt	pass	5	5	5	1	1	1	0	1	1	1	1	1	0	0	NA	1	1	1	none	fresh_concordance_promotion
bts3_w123__repeat00	bts3_w123	0	1	score	pass	5	5	5	1	1	1	0	1	1	1	1	1	0	0	NA	1	1	1	none	fresh_concordance_promotion
bts3_w123__repeat00	bts3_w123	0	1	stability	pass	5	5	5	1	1	1	0	1	1	1	1	1	0	0	NA	1	1	1	none	fresh_concordance_promotion
bts3_w123__repeat00	bts3_w123	0	1	nt	pass	5	5	5	1	1	1	0	1	1	1	1	1	0	0	NA	1	1	1	none	fresh_concordance_promotion
bts3_w124__repeat00	bts3_w124	0	1	score	pass	5	5	5	1	1	1	0	1	1	1	1	1	0	0	NA	1	1	1	none	fresh_concordance_promotion
bts3_w124__repeat00	bts3_w124	0	1	stability	pass	5	5	5	1	1	1	0	1	1	1	1	1	0	0	NA	1	1	1	none	fresh_concordance_promotion
bts3_w124__repeat00	bts3_w124	0	1	nt	pass	5	5	5	1	1	1	0	1	1	1	1	1	0	0	NA	1	1	1	none	fresh_concordance_promotion
bts3_w125__repeat00	bts3_w125	0	1	score	pass	5	5	5	1	1	1	0	1	1	1	1	1	0	0	NA	1	1	1	none	fresh_concordance_promotion
bts3_w125__repeat00	bts3_w125	0	1	stability	pass	5	5	5	1	1	1	0	1	1	1	1	1	0	0	NA	1	1	1	none	fresh_concordance_promotion
bts3_w125__repeat00	bts3_w125	0	1	nt	pass	5	5	5	1	1	1	0	1	1	1	1	1	0	0	NA	1	1	1	none	fresh_concordance_promotion
bts3_w125__repeat01	bts3_w125	1	0	score	pass	5	5	5	1	1	1	0	1	1	1	1	1	0	0	NA	1	1	1	none	fresh_concordance_promotion
bts3_w125__repeat01	bts3_w125	1	0	stability	pass	5	5	5	1	1	1	0	1	1	1	1	1	0	0	NA	1	1	1	none	fresh_concordance_promotion
bts3_w125__repeat01	bts3_w125	1	0	nt	pass	5	5	5	1	1	1	0	1	1	1	1	1	0	0	NA	1	1	1	none	fresh_concordance_promotion
bts3_w126__repeat00	bts3_w126	0	1	score	pass	5	5	5	1	1	1	0	1	1	1	1	1	0	0	NA	1	1	1	none	fresh_concordance_promotion
bts3_w126__repeat00	bts3_w126	0	1	stability	pass	5	5	5	1	1	1	0	1	1	1	1	1	0	0	NA	1	1	1	none	fresh_concordance_promotion
bts3_w126__repeat00	bts3_w126	0	1	nt	pass	5	5	5	1	1	1	0	1	1	1	1	1	0	0	NA	1	1	1	none	fresh_concordance_promotion
bts3_w127__repeat00	bts3_w127	0	1	score	pass	2	2	2	1	1	1	0	1	1	1	1	54289/100000	0	0	NA	1	1	1	none	fresh_concordance_promotion
bts3_w127__repeat00	bts3_w127	0	1	stability	pass	2	2	2	1	1	1	0	1	1	1	1	54289/100000	0	0	NA	1	1	1	none	fresh_concordance_promotion
bts3_w127__repeat00	bts3_w127	0	1	nt	pass	2	2	2	1	1	1	0	1	1	1	1	54289/100000	0	0	NA	1	1	1	none	fresh_concordance_promotion
bts3_w128__repeat00	bts3_w128	0	1	score	pass	5	5	5	1	1	1	0	1	1	1	1	1	0	0	NA	1	1	1	none	fresh_concordance_promotion
bts3_w128__repeat00	bts3_w128	0	1	stability	pass	5	5	5	1	1	1	0	1	1	1	1	1	0	0	NA	1	1	1	none	fresh_concordance_promotion
bts3_w128__repeat00	bts3_w128	0	1	nt	pass	5	5	5	1	1	1	0	1	1	1	1	1	0	0	NA	1	1	1	none	fresh_concordance_promotion
bts3_w129__repeat00	bts3_w129	0	1	score	pass	5	5	5	1	1	1	0	1	1	1	1	1	0	0	NA	1	1	1	none	fresh_concordance_promotion
bts3_w129__repeat00	bts3_w129	0	1	stability	pass	5	5	5	1	1	1	0	1	1	1	1	1	0	0	NA	1	1	1	none	fresh_concordance_promotion
bts3_w129__repeat00	bts3_w129	0	1	nt	pass	5	5	5	1	1	1	0	1	1	1	1	1	0	0	NA	1	1	1	none	fresh_concordance_promotion
bts3_w130__repeat00	bts3_w130	0	1	score	pass	5	5	5	1	1	1	0	1	1	1	1	1	0	0	NA	1	1	1	same candidate site endpoint shift	fresh_concordance_promotion
bts3_w130__repeat00	bts3_w130	0	1	stability	pass	5	5	5	1	1	1	0	1	1	1	1	1	0	0	NA	1	1	1	same candidate site endpoint shift	fresh_concordance_promotion
bts3_w130__repeat00	bts3_w130	0	1	nt	pass	5	5	5	1	1	1	0	1	1	1	1	1	0	0	NA	1	1	1	none	fresh_concordance_promotion
bts3_w131__repeat00	bts3_w131	0	1	score	pass	5	5	5	1	1	1	0	1	1	1	1	1	0	0	NA	1	1	1	none	fresh_concordance_promotion
bts3_w131__repeat00	bts3_w131	0	1	stability	pass	5	5	5	1	1	1	0	1	1	1	1	1	0	0	NA	1	1	1	none	fresh_concordance_promotion
bts3_w131__repeat00	bts3_w131	0	1	nt	pass	5	5	5	1	1	1	0	1	1	1	1	1	0	0	NA	1	1	1	none	fresh_concordance_promotion
bts3_w132__repeat00	bts3_w132	0	1	score	pass	5	5	5	1	1	1	0	1	1	1	1	1	0	0	NA	1	1	1	none	fresh_concordance_promotion
bts3_w132__repeat00	bts3_w132	0	1	stability	pass	5	5	5	1	1	1	0	1	1	1	1	1	0	0	NA	1	1	1	none	fresh_concordance_promotion
bts3_w132__repeat00	bts3_w132	0	1	nt	pass	5	5	5	1	1	1	0	1	1	1	1	1	0	0	NA	1	1	1	none	fresh_concordance_promotion
bts3_w133__repeat00	bts3_w133	0	1	score	pass	5	5	5	1	1	1	0	1	1	1	1	1	0	0	NA	1	1	1	none	fresh_concordance_promotion
bts3_w133__repeat00	bts3_w133	0	1	stability	pass	5	5	5	1	1	1	0	1	1	1	1	1	0	0	NA	1	1	1	none	fresh_concordance_promotion
bts3_w133__repeat00	bts3_w133	0	1	nt	pass	5	5	5	1	1	1	0	1	1	1	1	1	0	0	NA	1	1	1	none	fresh_concordance_promotion
bts3_w134__repeat00	bts3_w134	0	1	score	pass	5	5	5	1	1	1	0	1	1	1	1	1	0	0	NA	1	1	1	none	fresh_concordance_promotion
bts3_w134__repeat00	bts3_w134	0	1	stability	pass	5	5	5	1	1	1	0	1	1	1	1	1	0	0	NA	1	1	1	none	fresh_concordance_promotion
bts3_w134__repeat00	bts3_w134	0	1	nt	pass	5	5	5	1	1	1	0	1	1	1	1	1	0	0	NA	1	1	1	none	fresh_concordance_promotion
bts3_w135__repeat00	bts3_w135	0	1	score	pass	5	5	5	1	1	1	0	1	1	1	1	1	0	0	NA	1	1	1	none	fresh_concordance_promotion
bts3_w135__repeat00	bts3_w135	0	1	stability	pass	5	5	5	1	1	1	0	1	1	1	1	1	0	0	NA	1	1	1	none	fresh_concordance_promotion
bts3_w135__repeat00	bts3_w135	0	1	nt	pass	5	5	5	1	1	1	0	1	1	1	1	1	0	0	NA	1	1	1	none	fresh_concordance_promotion
bts3_w136__repeat00	bts3_w136	0	1	score	pass	5	5	5	1	1	1	0	1	1	1	1	1	0	0	NA	1	1	1	none	fresh_concordance_promotion
bts3_w136__repeat00	bts3_w136	0	1	stability	pass	5	5	5	1	1	1	0	1	1	1	1	1	0	0	NA	1	1	1	none	fresh_concordance_promotion
bts3_w136__repeat00	bts3_w136	0	1	nt	pass	5	5	5	1	1	1	0	1	1	1	1	1	0	0	NA	1	1	1	none	fresh_concordance_promotion
bts3_w137__repeat00	bts3_w137	0	1	score	pass	5	5	5	1	1	1	0	1	1	1	1	1	0	0	NA	1	1	1	none	fresh_concordance_promotion
bts3_w137__repeat00	bts3_w137	0	1	stability	pass	5	5	5	1	1	1	0	1	1	1	1	1	0	0	NA	1	1	1	none	fresh_concordance_promotion
bts3_w137__repeat00	bts3_w137	0	1	nt	pass	5	5	5	1	1	1	0	1	1	1	1	1	0	0	NA	1	1	1	none	fresh_concordance_promotion
bts3_w138__repeat00	bts3_w138	0	1	score	pass	5	5	5	1	1	1	0	1	1	1	1	1	0	0	NA	1	1	1	none	fresh_concordance_promotion
bts3_w138__repeat00	bts3_w138	0	1	stability	pass	5	5	5	1	1	1	0	1	1	1	1	1	0	0	NA	1	1	1	none	fresh_concordance_promotion
bts3_w138__repeat00	bts3_w138	0	1	nt	pass	5	5	5	1	1	1	0	1	1	1	1	1	0	0	NA	1	1	1	none	fresh_concordance_promotion
bts3_w139__repeat00	bts3_w139	0	1	score	pass	5	5	5	1	1	1	0	1	1	1	1	1	0	0	NA	1	1	1	none	fresh_concordance_promotion
bts3_w139__repeat00	bts3_w139	0	1	stability	pass	5	5	5	1	1	1	0	1	1	1	1	1	0	0	NA	1	1	1	none	fresh_concordance_promotion
bts3_w139__repeat00	bts3_w139	0	1	nt	pass	5	5	5	1	1	1	0	1	1	1	1	1	0	0	NA	1	1	1	none	fresh_concordance_promotion
bts3_w139__repeat01	bts3_w139	1	0	score	pass	5	5	5	1	1	1	0	1	1	1	1	1	0	0	NA	1	1	1	none	fresh_concordance_promotion
bts3_w139__repeat01	bts3_w139	1	0	stability	pass	5	5	5	1	1	1	0	1	1	1	1	1	0	0	NA	1	1	1	none	fresh_concordance_promotion
bts3_w139__repeat01	bts3_w139	1	0	nt	pass	5	5	5	1	1	1	0	1	1	1	1	1	0	0	NA	1	1	1	none	fresh_concordance_promotion
bts3_w140__repeat00	bts3_w140	0	1	score	pass	5	5	5	1	1	1	0	1	1	1	1	1	0	0	NA	1	1	1	none	fresh_concordance_promotion
bts3_w140__repeat00	bts3_w140	0	1	stability	pass	5	5	5	1	1	1	0	1	1	1	1	1	0	0	NA	1	1	1	none	fresh_concordance_promotion
bts3_w140__repeat00	bts3_w140	0	1	nt	pass	5	5	5	1	1	1	0	1	1	1	1	1	0	0	NA	1	1	1	none	fresh_concordance_promotion
bts3_w141__repeat00	bts3_w141	0	1	score	pass	5	5	5	1	1	1	0	1	1	1	1	1	0	0	NA	1	1	1	none	fresh_concordance_promotion
bts3_w141__repeat00	bts3_w141	0	1	stability	pass	5	5	5	1	1	1	0	1	1	1	1	1	0	0	NA	1	1	1	none	fresh_concordance_promotion
bts3_w141__repeat00	bts3_w141	0	1	nt	pass	5	5	5	1	1	1	0	1	1	1	1	1	0	0	NA	1	1	1	none	fresh_concordance_promotion
bts3_w142__repeat00	bts3_w142	0	1	score	pass	5	5	5	1	1	1	0	1	1	1	1	1	0	0	NA	1	1	1	none	fresh_concordance_promotion
bts3_w142__repeat00	bts3_w142	0	1	stability	pass	5	5	5	1	1	1	0	1	1	1	1	1	0	0	NA	1	1	1	none	fresh_concordance_promotion
bts3_w142__repeat00	bts3_w142	0	1	nt	pass	5	5	5	1	1	1	0	1	1	1	1	1	0	0	NA	1	1	1	none	fresh_concordance_promotion
bts3_w143__repeat00	bts3_w143	0	1	score	pass	5	5	5	1	1	1	0	1	1	1	1	1	0	0	NA	1	1	1	none	fresh_concordance_promotion
bts3_w143__repeat00	bts3_w143	0	1	stability	pass	5	5	5	1	1	1	0	1	1	1	1	1	0	0	NA	1	1	1	none	fresh_concordance_promotion
bts3_w143__repeat00	bts3_w143	0	1	nt	pass	5	5	5	1	1	1	0	1	1	1	1	1	0	0	NA	1	1	1	none	fresh_concordance_promotion
bts3_w144__repeat00	bts3_w144	0	1	score	pass	5	5	5	1	1	1	0	1	1	1	1	1	0	0	NA	1	1	1	none	fresh_concordance_promotion
bts3_w144__repeat00	bts3_w144	0	1	stability	pass	5	5	5	1	1	1	0	1	1	1	1	1	0	0	NA	1	1	1	none	fresh_concordance_promotion
bts3_w144__repeat00	bts3_w144	0	1	nt	pass	5	5	5	1	1	1	0	1	1	1	1	1	0	0	NA	1	1	1	none	fresh_concordance_promotion
bts3_w144__repeat01	bts3_w144	1	0	score	pass	5	5	5	1	1	1	0	1	1	1	1	1	0	0	NA	1	1	1	none	fresh_concordance_promotion
bts3_w144__repeat01	bts3_w144	1	0	stability	pass	5	5	5	1	1	1	0	1	1	1	1	1	0	0	NA	1	1	1	none	fresh_concordance_promotion
bts3_w144__repeat01	bts3_w144	1	0	nt	pass	5	5	5	1	1	1	0	1	1	1	1	1	0	0	NA	1	1	1	none	fresh_concordance_promotion
bts3_w145__repeat00	bts3_w145	0	1	score	pass	5	5	5	1	1	1	0	1	1	1	1	1	0	0	NA	1	1	1	none	fresh_concordance_promotion
bts3_w145__repeat00	bts3_w145	0	1	stability	pass	5	5	5	1	1	1	0	1	1	1	1	1	0	0	NA	1	1	1	none	fresh_concordance_promotion
bts3_w145__repeat00	bts3_w145	0	1	nt	pass	5	5	5	1	1	1	0	1	1	1	1	1	0	0	NA	1	1	1	none	fresh_concordance_promotion
bts3_w146__repeat00	bts3_w146	0	1	score	pass	5	5	5	1	1	1	0	1	1	1	1	1	0	0	NA	1	1	1	none	fresh_concordance_promotion
bts3_w146__repeat00	bts3_w146	0	1	stability	pass	5	5	5	1	1	1	0	1	1	1	1	1	0	0	NA	1	1	1	none	fresh_concordance_promotion
bts3_w146__repeat00	bts3_w146	0	1	nt	pass	5	5	5	1	1	1	0	1	1	1	1	1	0	0	NA	1	1	1	none	fresh_concordance_promotion
bts3_w147__repeat00	bts3_w147	0	1	score	pass	5	5	5	1	1	1	0	1	1	1	1	1	0	0	NA	1	1	1	none	fresh_concordance_promotion
bts3_w147__repeat00	bts3_w147	0	1	stability	pass	5	5	5	1	1	1	0	1	1	1	1	1	0	0	NA	1	1	1	none	fresh_concordance_promotion
bts3_w147__repeat00	bts3_w147	0	1	nt	pass	5	5	5	1	1	1	0	1	1	1	1	1	0	0	NA	1	1	1	none	fresh_concordance_promotion
bts3_w148__repeat00	bts3_w148	0	1	score	pass	5	5	5	1	1	1	0	1	1	1	1	1	0	0	NA	1	1	1	none	fresh_concordance_promotion
bts3_w148__repeat00	bts3_w148	0	1	stability	pass	5	5	5	1	1	1	0	1	1	1	1	1	0	0	NA	1	1	1	none	fresh_concordance_promotion
bts3_w148__repeat00	bts3_w148	0	1	nt	pass	5	5	5	1	1	1	0	1	1	1	1	1	0	0	NA	1	1	1	none	fresh_concordance_promotion
bts3_w149__repeat00	bts3_w149	0	1	score	pass	5	5	5	1	1	1	0	1	1	1	1	1	0	0	NA	1	1	1	none	fresh_concordance_promotion
bts3_w149__repeat00	bts3_w149	0	1	stability	pass	5	5	5	1	1	1	0	1	1	1	1	1	0	0	NA	1	1	1	none	fresh_concordance_promotion
bts3_w149__repeat00	bts3_w149	0	1	nt	pass	5	5	5	1	1	1	0	1	1	1	1	1	0	0	NA	1	1	1	none	fresh_concordance_promotion
bts3_w150__repeat00	bts3_w150	0	1	score	pass	5	5	5	1	1	1	0	1	1	1	1	1	0	0	NA	1	1	1	none	fresh_concordance_promotion
bts3_w150__repeat00	bts3_w150	0	1	stability	pass	5	5	5	1	1	1	0	1	1	1	1	1	0	0	NA	1	1	1	none	fresh_concordance_promotion
bts3_w150__repeat00	bts3_w150	0	1	nt	pass	5	5	5	1	1	1	0	1	1	1	1	1	0	0	NA	1	1	1	none	fresh_concordance_promotion
bts3_w151__repeat00	bts3_w151	0	1	score	pass	5	5	5	1	1	1	0	1	1	1	1	1	0	0	NA	1	1	1	none	fresh_concordance_promotion
bts3_w151__repeat00	bts3_w151	0	1	stability	pass	5	5	5	1	1	1	0	1	1	1	1	1	0	0	NA	1	1	1	none	fresh_concordance_promotion
bts3_w151__repeat00	bts3_w151	0	1	nt	pass	5	5	5	1	1	1	0	1	1	1	1	1	0	0	NA	1	1	1	none	fresh_concordance_promotion
bts3_w152__repeat00	bts3_w152	0	1	score	pass	5	5	5	1	1	1	0	1	1	1	1	1	0	0	NA	1	1	1	none	fresh_concordance_promotion
bts3_w152__repeat00	bts3_w152	0	1	stability	pass	5	5	5	1	1	1	0	1	1	1	1	1	0	0	NA	1	1	1	none	fresh_concordance_promotion
bts3_w152__repeat00	bts3_w152	0	1	nt	pass	5	5	5	1	1	1	0	1	1	1	1	1	0	0	NA	1	1	1	none	fresh_concordance_promotion
bts3_w153__repeat00	bts3_w153	0	1	score	pass	5	5	5	1	1	1	0	1	1	1	1	1	0	0	NA	1	1	1	none	fresh_concordance_promotion
bts3_w153__repeat00	bts3_w153	0	1	stability	pass	5	5	5	1	1	1	0	1	1	1	1	1	0	0	NA	1	1	1	none	fresh_concordance_promotion
bts3_w153__repeat00	bts3_w153	0	1	nt	pass	5	5	5	1	1	1	0	1	1	1	1	1	0	0	NA	1	1	1	none	fresh_concordance_promotion
bts3_w154__repeat00	bts3_w154	0	1	score	pass	5	5	5	1	1	1	0	1	1	1	1	1	0	0	NA	1	1	1	same candidate site endpoint shift	fresh_concordance_promotion
bts3_w154__repeat00	bts3_w154	0	1	stability	pass	5	5	5	1	1	1	0	1	1	1	1	1	0	0	NA	1	1	1	none	fresh_concordance_promotion
bts3_w154__repeat00	bts3_w154	0	1	nt	pass	5	5	5	1	1	1	0	1	1	1	1	1	0	0	NA	1	1	1	same candidate site endpoint shift	fresh_concordance_promotion
bts3_w155__repeat00	bts3_w155	0	1	score	pass	5	5	5	1	1	1	0	1	1	1	1	1	0	0	NA	1	1	1	none	fresh_concordance_promotion
bts3_w155__repeat00	bts3_w155	0	1	stability	pass	5	5	5	1	1	1	0	1	1	1	1	1	0	0	NA	1	1	1	none	fresh_concordance_promotion
bts3_w155__repeat00	bts3_w155	0	1	nt	pass	5	5	5	1	1	1	0	1	1	1	1	1	0	0	NA	1	1	1	none	fresh_concordance_promotion
bts3_w156__repeat00	bts3_w156	0	1	score	pass	5	5	5	1	1	1	0	1	1	1	1	1	0	0	NA	1	1	1	none	fresh_concordance_promotion
bts3_w156__repeat00	bts3_w156	0	1	stability	pass	5	5	5	1	1	1	0	1	1	1	1	1	0	0	NA	1	1	1	none	fresh_concordance_promotion
bts3_w156__repeat00	bts3_w156	0	1	nt	pass	5	5	5	1	1	1	0	1	1	1	1	1	0	0	NA	1	1	1	none	fresh_concordance_promotion
bts3_w157__repeat00	bts3_w157	0	1	score	pass	5	5	5	1	1	1	0	1	1	1	1	1	0	0	NA	1	1	1	none	fresh_concordance_promotion
bts3_w157__repeat00	bts3_w157	0	1	stability	pass	5	5	5	1	1	1	0	1	1	1	1	1	0	0	NA	1	1	1	none	fresh_concordance_promotion
bts3_w157__repeat00	bts3_w157	0	1	nt	pass	5	5	5	1	1	1	0	1	1	1	1	1	0	0	NA	1	1	1	none	fresh_concordance_promotion
bts3_w158__repeat00	bts3_w158	0	1	score	pass	5	5	5	1	1	1	0	1	1	1	1	1	0	0	NA	1	1	1	none	fresh_concordance_promotion
bts3_w158__repeat00	bts3_w158	0	1	stability	pass	5	5	5	1	1	1	0	1	1	1	1	1	0	0	NA	1	1	1	none	fresh_concordance_promotion
bts3_w158__repeat00	bts3_w158	0	1	nt	pass	5	5	5	1	1	1	0	1	1	1	1	1	0	0	NA	1	1	1	none	fresh_concordance_promotion
bts3_w158__repeat01	bts3_w158	1	0	score	pass	5	5	5	1	1	1	0	1	1	1	1	1	0	0	NA	1	1	1	none	fresh_concordance_promotion
bts3_w158__repeat01	bts3_w158	1	0	stability	pass	5	5	5	1	1	1	0	1	1	1	1	1	0	0	NA	1	1	1	none	fresh_concordance_promotion
bts3_w158__repeat01	bts3_w158	1	0	nt	pass	5	5	5	1	1	1	0	1	1	1	1	1	0	0	NA	1	1	1	none	fresh_concordance_promotion
bts3_w159__repeat00	bts3_w159	0	1	score	pass	5	5	5	1	1	1	0	1	1	1	1	1	0	0	NA	1	1	1	none	fresh_concordance_promotion
bts3_w159__repeat00	bts3_w159	0	1	stability	pass	5	5	5	1	1	1	0	1	1	1	1	1	0	0	NA	1	1	1	none	fresh_concordance_promotion
bts3_w159__repeat00	bts3_w159	0	1	nt	pass	5	5	5	1	1	1	0	1	1	1	1	1	0	0	NA	1	1	1	none	fresh_concordance_promotion
bts3_w160__repeat00	bts3_w160	0	1	score	pass	5	5	5	1	1	1	0	1	1	1	1	1	0	0	NA	1	1	1	none	fresh_concordance_promotion
bts3_w160__repeat00	bts3_w160	0	1	stability	pass	5	5	5	1	1	1	0	1	1	1	1	1	0	0	NA	1	1	1	none	fresh_concordance_promotion
bts3_w160__repeat00	bts3_w160	0	1	nt	pass	5	5	5	1	1	1	0	1	1	1	1	1	0	0	NA	1	1	1	none	fresh_concordance_promotion
bts3_w161__repeat00	bts3_w161	0	1	score	pass	5	5	5	1	1	1	0	1	1	1	1	1	0	0	NA	1	1	1	none	fresh_concordance_promotion
bts3_w161__repeat00	bts3_w161	0	1	stability	pass	5	5	5	1	1	1	0	1	1	1	1	1	0	0	NA	1	1	1	same candidate site endpoint shift	fresh_concordance_promotion
bts3_w161__repeat00	bts3_w161	0	1	nt	pass	5	5	5	1	1	1	0	1	1	1	1	1	0	0	NA	1	1	1	none	fresh_concordance_promotion
bts3_w162__repeat00	bts3_w162	0	1	score	pass	5	5	5	1	1	1	0	1	1	1	1	1	0	0	NA	1	1	1	none	fresh_concordance_promotion
bts3_w162__repeat00	bts3_w162	0	1	stability	pass	5	5	5	1	1	1	0	1	1	1	1	1	0	0	NA	1	1	1	none	fresh_concordance_promotion
bts3_w162__repeat00	bts3_w162	0	1	nt	pass	5	5	5	1	1	1	0	1	1	1	1	1	0	0	NA	1	1	1	none	fresh_concordance_promotion
bts3_w163__repeat00	bts3_w163	0	1	score	pass	5	5	5	1	1	1	0	1	1	1	1	1	0	0	NA	1	1	1	none	fresh_concordance_promotion
bts3_w163__repeat00	bts3_w163	0	1	stability	pass	5	5	5	1	1	1	0	1	1	1	1	1	0	0	NA	1	1	1	none	fresh_concordance_promotion
bts3_w163__repeat00	bts3_w163	0	1	nt	pass	5	5	5	1	1	1	0	1	1	1	1	1	0	0	NA	1	1	1	none	fresh_concordance_promotion
bts3_w164__repeat00	bts3_w164	0	1	score	pass	5	5	5	1	1	1	0	1	1	1	1	1	0	0	NA	1	1	1	none	fresh_concordance_promotion
bts3_w164__repeat00	bts3_w164	0	1	stability	pass	5	5	5	1	1	1	0	1	1	1	1	1	0	0	NA	1	1	1	none	fresh_concordance_promotion
bts3_w164__repeat00	bts3_w164	0	1	nt	pass	5	5	5	1	1	1	0	1	1	1	1	1	0	0	NA	1	1	1	none	fresh_concordance_promotion
bts3_w165__repeat00	bts3_w165	0	1	score	pass	5	5	5	1	1	1	0	1	1	1	1	1	0	0	NA	1	1	1	none	fresh_concordance_promotion
bts3_w165__repeat00	bts3_w165	0	1	stability	pass	5	5	5	1	1	1	0	1	1	1	1	1	0	0	NA	1	1	1	none	fresh_concordance_promotion
bts3_w165__repeat00	bts3_w165	0	1	nt	pass	5	5	5	1	1	1	0	1	1	1	1	1	0	0	NA	1	1	1	none	fresh_concordance_promotion
bts3_w166__repeat00	bts3_w166	0	1	score	pass	5	5	5	1	1	1	0	1	1	1	1	1	0	0	NA	1	1	1	none	fresh_concordance_promotion
bts3_w166__repeat00	bts3_w166	0	1	stability	pass	5	5	5	1	1	1	0	1	1	1	1	1	0	0	NA	1	1	1	none	fresh_concordance_promotion
bts3_w166__repeat00	bts3_w166	0	1	nt	pass	5	5	5	1	1	1	0	1	1	1	1	1	0	0	NA	1	1	1	none	fresh_concordance_promotion
bts3_w167__repeat00	bts3_w167	0	1	score	pass	5	5	5	1	1	1	0	1	1	1	1	1	0	0	NA	1	1	1	none	fresh_concordance_promotion
bts3_w167__repeat00	bts3_w167	0	1	stability	pass	5	5	5	1	1	1	0	1	1	1	1	1	0	0	NA	1	1	1	none	fresh_concordance_promotion
bts3_w167__repeat00	bts3_w167	0	1	nt	pass	5	5	5	1	1	1	0	1	1	1	1	1	0	0	NA	1	1	1	none	fresh_concordance_promotion
bts3_w168__repeat00	bts3_w168	0	1	score	pass	5	5	5	1	1	1	0	1	1	1	1	1	0	0	NA	1	1	1	none	fresh_concordance_promotion
bts3_w168__repeat00	bts3_w168	0	1	stability	pass	5	5	5	1	1	1	0	1	1	1	1	1	0	0	NA	1	1	1	none	fresh_concordance_promotion
bts3_w168__repeat00	bts3_w168	0	1	nt	pass	5	5	5	1	1	1	0	1	1	1	1	1	0	0	NA	1	1	1	none	fresh_concordance_promotion
bts3_w169__repeat00	bts3_w169	0	1	score	pass	5	5	5	1	1	1	0	1	1	1	1	1	0	0	NA	1	1	1	none	fresh_concordance_promotion
bts3_w169__repeat00	bts3_w169	0	1	stability	pass	5	5	5	1	1	1	0	1	1	1	1	1	0	0	NA	1	1	1	none	fresh_concordance_promotion
bts3_w169__repeat00	bts3_w169	0	1	nt	pass	5	5	5	1	1	1	0	1	1	1	1	1	0	0	NA	1	1	1	none	fresh_concordance_promotion
bts3_w170__repeat00	bts3_w170	0	1	score	pass	5	5	5	1	1	1	0	1	1	1	1	1	0	0	NA	1	1	1	none	fresh_concordance_promotion
bts3_w170__repeat00	bts3_w170	0	1	stability	pass	5	5	5	1	1	1	0	1	1	1	1	1	0	0	NA	1	1	1	none	fresh_concordance_promotion
bts3_w170__repeat00	bts3_w170	0	1	nt	pass	5	5	5	1	1	1	0	1	1	1	1	1	0	0	NA	1	1	1	none	fresh_concordance_promotion
bts3_w171__repeat00	bts3_w171	0	1	score	pass	5	5	5	1	1	1	0	1	1	1	1	1	0	0	NA	1	1	1	none	fresh_concordance_promotion
bts3_w171__repeat00	bts3_w171	0	1	stability	pass	5	5	5	1	1	1	0	1	1	1	1	1	0	0	NA	1	1	1	none	fresh_concordance_promotion
bts3_w171__repeat00	bts3_w171	0	1	nt	pass	5	5	5	1	1	1	0	1	1	1	1	1	0	0	NA	1	1	1	none	fresh_concordance_promotion
bts3_w172__repeat00	bts3_w172	0	1	score	pass	2	2	2	1	1	1	0	1	1	1	1	54289/100000	0	0	NA	1	1	1	none	fresh_concordance_promotion
bts3_w172__repeat00	bts3_w172	0	1	stability	pass	2	2	2	1	1	1	0	1	1	1	1	54289/100000	0	0	NA	1	1	1	none	fresh_concordance_promotion
bts3_w172__repeat00	bts3_w172	0	1	nt	pass	2	2	2	1	1	1	0	1	1	1	1	54289/100000	0	0	NA	1	1	1	none	fresh_concordance_promotion
bts3_w173__repeat00	bts3_w173	0	1	score	pass	5	5	5	1	1	1	0	1	1	1	1	1	0	0	NA	1	1	1	same candidate site endpoint shift	fresh_concordance_promotion
bts3_w173__repeat00	bts3_w173	0	1	stability	pass	5	5	5	1	1	1	0	1	1	1	1	1	0	0	NA	1	1	1	none	fresh_concordance_promotion
bts3_w173__repeat00	bts3_w173	0	1	nt	pass	5	5	5	1	1	1	0	1	1	1	1	1	0	0	NA	1	1	1	same candidate site endpoint shift	fresh_concordance_promotion
bts3_w174__repeat00	bts3_w174	0	1	score	pass	5	5	5	1	1	1	0	1	1	1	1	1	0	0	NA	1	1	1	none	fresh_concordance_promotion
bts3_w174__repeat00	bts3_w174	0	1	stability	pass	5	5	5	1	1	1	0	1	1	1	1	1	0	0	NA	1	1	1	none	fresh_concordance_promotion
bts3_w174__repeat00	bts3_w174	0	1	nt	pass	5	5	5	1	1	1	0	1	1	1	1	1	0	0	NA	1	1	1	none	fresh_concordance_promotion
bts3_w175__repeat00	bts3_w175	0	1	score	pass	5	5	5	1	1	1	0	1	1	1	1	1	0	0	NA	1	1	1	none	fresh_concordance_promotion
bts3_w175__repeat00	bts3_w175	0	1	stability	pass	5	5	5	1	1	1	0	1	1	1	1	1	0	0	NA	1	1	1	none	fresh_concordance_promotion
bts3_w175__repeat00	bts3_w175	0	1	nt	pass	5	5	5	1	1	1	0	1	1	1	1	1	0	0	NA	1	1	1	none	fresh_concordance_promotion
bts3_w176__repeat00	bts3_w176	0	1	score	pass	4	4	4	1	1	1	0	1	1	1	1	43439/50000	0	0	NA	1	1	1	none	fresh_concordance_promotion
bts3_w176__repeat00	bts3_w176	0	1	stability	pass	4	4	4	1	1	1	0	1	1	1	1	43439/50000	0	0	NA	1	1	1	none	fresh_concordance_promotion
bts3_w176__repeat00	bts3_w176	0	1	nt	pass	4	4	4	1	1	1	0	1	1	1	1	43439/50000	0	0	NA	1	1	1	none	fresh_concordance_promotion
bts3_w177__repeat00	bts3_w177	0	1	score	scientific_mismatch	5	5	4	1	1	0	0	4/5	4/5	1	0	170111/200000	0	0	NA	1	1	0	true candidate-site substitution;extra candidate site;missing candidate site;same candidate site endpoint shift;strict-row diagnostic mismatch	fresh_concordance_promotion
bts3_w177__repeat00	bts3_w177	0	1	stability	scientific_mismatch	5	5	5	1	1	1	0	1	1	1	1	1	0	0	NA	1	1	1	same candidate site endpoint shift	fresh_concordance_promotion
bts3_w177__repeat00	bts3_w177	0	1	nt	scientific_mismatch	5	5	4	1	1	0	0	4/5	4/5	1	0	43439/50000	0	0	NA	1	1	0	true candidate-site substitution;extra candidate site;missing candidate site;same candidate site endpoint shift;strict-row diagnostic mismatch	fresh_concordance_promotion
bts3_w178__repeat00	bts3_w178	0	1	score	pass	5	5	5	1	1	1	0	1	1	1	1	1	0	0	NA	1	1	1	none	fresh_concordance_promotion
bts3_w178__repeat00	bts3_w178	0	1	stability	pass	5	5	5	1	1	1	0	1	1	1	1	1	0	0	NA	1	1	1	none	fresh_concordance_promotion
bts3_w178__repeat00	bts3_w178	0	1	nt	pass	5	5	5	1	1	1	0	1	1	1	1	1	0	0	NA	1	1	1	none	fresh_concordance_promotion
