grid_shift	run	wall_seconds	column_pruned_enabled	exact_batches	exact_tasks	exact_cells	compact_batches	column_wall_seconds	column_kernel_seconds	column_h2d_seconds	column_d2h_seconds	compact_wall_seconds	compact_kernel_seconds	compact_h2d_seconds	compact_d2h_seconds	fallbacks
0	run_0	71.547667	0	94	384816	1924080000	0	7.75439	4.76709	0.193523	0.768412	0.0	0.0	0.0	0.0	0
0	run_1	70.548863	0	94	384816	1924080000	0	7.50968	4.47778	0.195241	0.776014	0.0	0.0	0.0	0.0	0
0	run_10	77.808435	0	94	384816	1924080000	0	7.4012	4.40005	0.195141	0.778032	0.0	0.0	0.0	0.0	0
0	run_11	67.171457	0	94	384816	1924080000	0	7.42427	4.46424	0.197718	0.739631	0.0	0.0	0.0	0.0	0
0	run_12	67.715143	0	94	384816	1924080000	0	7.47656	4.48221	0.198767	0.735002	0.0	0.0	0.0	0.0	0
0	run_13	80.862696	0	94	384816	1924080000	0	7.55943	4.53263	0.20049	0.732581	0.0	0.0	0.0	0.0	0
0	run_14	72.996911	0	94	384816	1924080000	0	7.59101	4.57965	0.199095	0.751485	0.0	0.0	0.0	0.0	0
0	run_15	80.33827	0	94	384816	1924080000	0	7.4233	4.39084	0.198658	0.761497	0.0	0.0	0.0	0.0	0
0	run_16	70.29389	0	94	384816	1924080000	0	7.59689	4.51595	0.200249	0.771195	0.0	0.0	0.0	0.0	0
0	run_17	83.171624	0	94	384816	1924080000	0	7.49601	4.47938	0.195804	0.777742	0.0	0.0	0.0	0.0	0
0	run_18	80.035405	0	94	384816	1924080000	0	7.403	4.42196	0.193017	0.764863	0.0	0.0	0.0	0.0	0
0	run_19	75.56789	0	94	384816	1924080000	0	7.36955	4.41618	0.195172	0.751961	0.0	0.0	0.0	0.0	0
0	run_2	75.163411	0	94	384816	1924080000	0	7.49472	4.47565	0.194712	0.769754	0.0	0.0	0.0	0.0	0
0	run_20	77.899231	0	94	384816	1924080000	0	7.46694	4.45231	0.197236	0.747764	0.0	0.0	0.0	0.0	0
0	run_21	87.825296	0	94	384816	1924080000	0	7.50934	4.54678	0.199103	0.736452	0.0	0.0	0.0	0.0	0
0	run_22	89.301669	0	94	384816	1924080000	0	7.5217	4.50705	0.203128	0.743129	0.0	0.0	0.0	0.0	0
0	run_23	83.836028	0	94	384816	1924080000	0	7.53785	4.47572	0.206698	0.769402	0.0	0.0	0.0	0.0	0
0	run_24	81.784397	0	94	384816	1924080000	0	7.54711	4.53658	0.200333	0.74188	0.0	0.0	0.0	0.0	0
0	run_25	74.865697	0	94	384816	1924080000	0	7.53573	4.51113	0.197556	0.744032	0.0	0.0	0.0	0.0	0
0	run_26	73.681016	0	94	384816	1924080000	0	7.55805	4.50065	0.194624	0.766595	0.0	0.0	0.0	0.0	0
0	run_27	75.874176	0	94	384816	1924080000	0	7.57835	4.51552	0.196682	0.770241	0.0	0.0	0.0	0.0	0
0	run_28	85.111687	0	94	384816	1924080000	0	7.52863	4.49695	0.192121	0.762632	0.0	0.0	0.0	0.0	0
0	run_29	90.075583	0	94	384816	1924080000	0	7.47376	4.44842	0.192735	0.766642	0.0	0.0	0.0	0.0	0
0	run_3	78.569548	0	94	384816	1924080000	0	7.39521	4.38409	0.194447	0.774799	0.0	0.0	0.0	0.0	0
0	run_30	84.256577	0	94	384816	1924080000	0	7.49532	4.47385	0.199506	0.756123	0.0	0.0	0.0	0.0	0
0	run_31	74.280325	0	94	384816	1924080000	0	7.51823	4.44464	0.193362	0.750275	0.0	0.0	0.0	0.0	0
0	run_32	59.08569	0	94	384816	1924080000	0	7.57672	4.53661	0.198758	0.75542	0.0	0.0	0.0	0.0	0
0	run_33	69.31084	0	94	384816	1924080000	0	7.68858	4.61181	0.201223	0.754009	0.0	0.0	0.0	0.0	0
0	run_34	67.814544	0	94	384816	1924080000	0	7.56673	4.48802	0.200938	0.771587	0.0	0.0	0.0	0.0	0
0	run_35	72.16655	0	94	384816	1924080000	0	7.55584	4.47718	0.200992	0.772471	0.0	0.0	0.0	0.0	0
0	run_36	63.247261	0	94	384816	1924080000	0	7.26328	4.5277	0.201471	0.752192	0.0	0.0	0.0	0.0	0
0	run_37	61.389314	0	94	384816	1924080000	0	7.7122	4.57107	0.198528	0.786519	0.0	0.0	0.0	0.0	0
0	run_38	72.032877	0	94	384816	1924080000	0	7.66409	4.57275	0.194587	0.782163	0.0	0.0	0.0	0.0	0
0	run_39	68.729248	0	94	384816	1924080000	0	7.60796	4.50652	0.196407	0.790074	0.0	0.0	0.0	0.0	0
0	run_4	81.907017	0	94	384816	1924080000	0	7.5593	4.49376	0.194413	0.778805	0.0	0.0	0.0	0.0	0
0	run_40	60.497766	0	94	384816	1924080000	0	7.57916	4.4936	0.196751	0.795527	0.0	0.0	0.0	0.0	0
0	run_41	60.711389	0	94	384816	1924080000	0	7.44159	4.4411	0.190822	0.751911	0.0	0.0	0.0	0.0	0
0	run_42	50.586335	0	94	384816	1924080000	0	7.4953	4.47665	0.193	0.753695	0.0	0.0	0.0	0.0	0
0	run_43	67.289533	0	94	384816	1924080000	0	7.55883	4.53769	0.193268	0.762833	0.0	0.0	0.0	0.0	0
0	run_44	66.563449	0	94	384816	1924080000	0	7.62951	4.5843	0.194736	0.775173	0.0	0.0	0.0	0.0	0
0	run_45	72.00663	0	94	384816	1924080000	0	7.63463	4.52642	0.194142	0.784961	0.0	0.0	0.0	0.0	0
0	run_46	66.420866	0	94	384816	1924080000	0	7.55981	4.51768	0.194217	0.78636	0.0	0.0	0.0	0.0	0
0	run_47	64.82536	0	94	384816	1924080000	0	7.49401	4.47839	0.192181	0.779741	0.0	0.0	0.0	0.0	0
0	run_48	66.431973	0	94	384816	1924080000	0	7.54572	4.52113	0.191994	0.775393	0.0	0.0	0.0	0.0	0
0	run_49	72.894799	0	94	384816	1924080000	0	7.58957	4.50725	0.19628	0.7905	0.0	0.0	0.0	0.0	0
0	run_5	83.00954	0	94	384816	1924080000	0	7.50749	4.4779	0.194223	0.77646	0.0	0.0	0.0	0.0	0
0	run_50	64.862587	0	94	384816	1924080000	0	7.60314	4.58155	0.192272	0.778992	0.0	0.0	0.0	0.0	0
0	run_51	62.909357	0	94	384816	1924080000	0	7.50735	4.49437	0.192254	0.774037	0.0	0.0	0.0	0.0	0
0	run_52	69.928306	0	94	384816	1924080000	0	7.56668	4.52478	0.19451	0.772545	0.0	0.0	0.0	0.0	0
0	run_53	72.058416	0	94	384816	1924080000	0	7.60401	4.54877	0.194864	0.795437	0.0	0.0	0.0	0.0	0
0	run_54	55.508472	0	94	384816	1924080000	0	7.57857	4.54601	0.191474	0.775222	0.0	0.0	0.0	0.0	0
0	run_55	67.791205	0	94	384816	1924080000	0	7.54524	4.53942	0.193559	0.763745	0.0	0.0	0.0	0.0	0
0	run_56	69.480413	0	94	384816	1924080000	0	7.51519	4.51043	0.193312	0.766968	0.0	0.0	0.0	0.0	0
0	run_57	70.140834	0	94	384816	1924080000	0	7.56431	4.54994	0.192973	0.767499	0.0	0.0	0.0	0.0	0
0	run_58	61.766893	0	94	384816	1924080000	0	7.60521	4.59304	0.194009	0.763947	0.0	0.0	0.0	0.0	0
0	run_59	60.346555	0	94	384816	1924080000	0	7.64954	4.61734	0.195814	0.77104	0.0	0.0	0.0	0.0	0
0	run_6	79.053987	0	94	384816	1924080000	0	7.48464	4.46439	0.194116	0.7727	0.0	0.0	0.0	0.0	0
0	run_7	84.076334	0	94	384816	1924080000	0	7.48432	4.48316	0.194369	0.779139	0.0	0.0	0.0	0.0	0
0	run_8	77.982384	0	94	384816	1924080000	0	7.40269	4.41407	0.19508	0.76268	0.0	0.0	0.0	0.0	0
0	run_9	77.592249	0	94	384816	1924080000	0	7.45014	4.46024	0.194282	0.762462	0.0	0.0	0.0	0.0	0
256	run_0	71.886794	0	94	384816	1924080000	0	7.81287	4.75929	0.190913	0.763865	0.0	0.0	0.0	0.0	0
256	run_1	103.424243	0	94	384816	1924080000	0	7.72099	4.68957	0.191393	0.752611	0.0	0.0	0.0	0.0	0
256	run_10	72.042662	0	94	384816	1924080000	0	7.41824	4.36948	0.191636	0.769817	0.0	0.0	0.0	0.0	0
256	run_11	72.798854	0	94	384816	1924080000	0	7.44545	4.38898	0.192458	0.780533	0.0	0.0	0.0	0.0	0
256	run_12	65.800649	0	94	384816	1924080000	0	7.51953	4.46927	0.192287	0.76684	0.0	0.0	0.0	0.0	0
256	run_13	63.384434	0	94	384816	1924080000	0	7.52565	4.47827	0.192036	0.77072	0.0	0.0	0.0	0.0	0
256	run_14	78.02917	0	94	384816	1924080000	0	7.59579	4.55261	0.192093	0.763708	0.0	0.0	0.0	0.0	0
256	run_15	73.880452	0	94	384816	1924080000	0	7.56653	4.51915	0.191903	0.769028	0.0	0.0	0.0	0.0	0
256	run_16	65.957695	0	94	384816	1924080000	0	7.42884	4.40336	0.191474	0.743196	0.0	0.0	0.0	0.0	0
256	run_17	69.478661	0	94	384816	1924080000	0	7.54982	4.52188	0.192376	0.747966	0.0	0.0	0.0	0.0	0
256	run_18	82.10601	0	94	384816	1924080000	0	7.51245	4.48481	0.190716	0.748135	0.0	0.0	0.0	0.0	0
256	run_19	76.252736	0	94	384816	1924080000	0	7.39463	4.35999	0.190973	0.755304	0.0	0.0	0.0	0.0	0
256	run_2	68.850817	0	94	384816	1924080000	0	7.52633	4.48204	0.191486	0.760767	0.0	0.0	0.0	0.0	0
256	run_20	70.39506	0	94	384816	1924080000	0	7.46876	4.41774	0.191886	0.778926	0.0	0.0	0.0	0.0	0
256	run_21	78.409567	0	94	384816	1924080000	0	7.51234	4.45613	0.19232	0.782015	0.0	0.0	0.0	0.0	0
256	run_22	83.539936	0	94	384816	1924080000	0	7.56945	4.51621	0.192319	0.77961	0.0	0.0	0.0	0.0	0
256	run_23	84.604408	0	94	384816	1924080000	0	7.5506	4.50477	0.192144	0.773496	0.0	0.0	0.0	0.0	0
256	run_24	72.439479	0	94	384816	1924080000	0	7.53508	4.48949	0.192314	0.774999	0.0	0.0	0.0	0.0	0
256	run_25	78.983183	0	94	384816	1924080000	0	7.56443	4.53163	0.191217	0.758034	0.0	0.0	0.0	0.0	0
256	run_26	71.251964	0	94	384816	1924080000	0	7.53764	4.51013	0.190503	0.756823	0.0	0.0	0.0	0.0	0
256	run_27	73.884233	0	94	384816	1924080000	0	7.52951	4.48503	0.19248	0.775067	0.0	0.0	0.0	0.0	0
256	run_28	74.856352	0	94	384816	1924080000	0	7.52842	4.50208	0.191469	0.7563	0.0	0.0	0.0	0.0	0
256	run_29	88.324726	0	94	384816	1924080000	0	7.52892	4.48394	0.192095	0.776055	0.0	0.0	0.0	0.0	0
256	run_3	75.676166	0	94	384816	1924080000	0	7.51359	4.46736	0.191138	0.761912	0.0	0.0	0.0	0.0	0
256	run_30	88.086077	0	94	384816	1924080000	0	7.4447	4.43324	0.191634	0.749347	0.0	0.0	0.0	0.0	0
256	run_31	81.527837	0	94	384816	1924080000	0	7.50009	4.47989	0.190789	0.752977	0.0	0.0	0.0	0.0	0
256	run_32	70.193381	0	94	384816	1924080000	0	7.48203	4.46452	0.190729	0.753299	0.0	0.0	0.0	0.0	0
256	run_33	60.149373	0	94	384816	1924080000	0	7.58687	4.5498	0.192491	0.772942	0.0	0.0	0.0	0.0	0
256	run_34	66.895044	0	94	384816	1924080000	0	7.6345	4.59203	0.192812	0.77121	0.0	0.0	0.0	0.0	0
256	run_35	66.655638	0	94	384816	1924080000	0	7.53051	4.49423	0.19269	0.770833	0.0	0.0	0.0	0.0	0
256	run_36	71.777106	0	94	384816	1924080000	0	7.54285	4.50348	0.191889	0.772391	0.0	0.0	0.0	0.0	0
256	run_37	61.783087	0	94	384816	1924080000	0	7.55718	4.52499	0.192903	0.765623	0.0	0.0	0.0	0.0	0
256	run_38	61.768989	0	94	384816	1924080000	0	7.61108	4.57151	0.191822	0.770575	0.0	0.0	0.0	0.0	0
256	run_39	72.03641	0	94	384816	1924080000	0	7.56049	4.54366	0.190665	0.753298	0.0	0.0	0.0	0.0	0
256	run_4	77.573714	0	94	384816	1924080000	0	7.45052	4.41331	0.19085	0.746848	0.0	0.0	0.0	0.0	0
256	run_40	64.145435	0	94	384816	1924080000	0	7.51875	4.50017	0.19054	0.756933	0.0	0.0	0.0	0.0	0
256	run_41	63.389173	0	94	384816	1924080000	0	7.51974	4.49527	0.19125	0.75792	0.0	0.0	0.0	0.0	0
256	run_42	61.566543	0	94	384816	1924080000	0	7.47865	4.44913	0.191452	0.757051	0.0	0.0	0.0	0.0	0
256	run_43	50.198422	0	94	384816	1924080000	0	7.50556	4.48931	0.19189	0.749371	0.0	0.0	0.0	0.0	0
256	run_44	66.944154	0	94	384816	1924080000	0	7.57935	4.53998	0.191408	0.755782	0.0	0.0	0.0	0.0	0
256	run_45	65.487017	0	94	384816	1924080000	0	7.59878	4.56668	0.191605	0.755719	0.0	0.0	0.0	0.0	0
256	run_46	70.80203	0	94	384816	1924080000	0	7.54317	4.51256	0.191729	0.751727	0.0	0.0	0.0	0.0	0
256	run_47	66.999412	0	94	384816	1924080000	0	7.55877	4.50194	0.19197	0.774148	0.0	0.0	0.0	0.0	0
256	run_48	66.693608	0	94	384816	1924080000	0	7.52247	4.48276	0.191363	0.772663	0.0	0.0	0.0	0.0	0
256	run_49	65.982343	0	94	384816	1924080000	0	7.5162	4.51427	0.191074	0.757125	0.0	0.0	0.0	0.0	0
256	run_5	79.941117	0	94	384816	1924080000	0	7.54249	4.5035	0.191292	0.755503	0.0	0.0	0.0	0.0	0
256	run_50	71.973627	0	94	384816	1924080000	0	7.50686	4.48818	0.19229	0.784933	0.0	0.0	0.0	0.0	0
256	run_51	56.883712	0	94	384816	1924080000	0	7.5689	4.58919	0.191233	0.745859	0.0	0.0	0.0	0.0	0
256	run_52	63.311369	0	94	384816	1924080000	0	7.43918	4.4798	0.191633	0.753483	0.0	0.0	0.0	0.0	0
256	run_53	67.171772	0	94	384816	1924080000	0	7.48498	4.52209	0.191769	0.753142	0.0	0.0	0.0	0.0	0
256	run_54	69.066066	0	94	384816	1924080000	0	7.53551	4.55634	0.192857	0.776845	0.0	0.0	0.0	0.0	0
256	run_55	55.534132	0	94	384816	1924080000	0	7.55066	4.55719	0.191613	0.767712	0.0	0.0	0.0	0.0	0
256	run_56	68.446748	0	94	384816	1924080000	0	7.49776	4.52835	0.191651	0.768106	0.0	0.0	0.0	0.0	0
256	run_57	66.379658	0	94	384816	1924080000	0	7.47009	4.51521	0.191914	0.75894	0.0	0.0	0.0	0.0	0
256	run_58	68.405116	0	94	384816	1924080000	0	7.52133	4.57263	0.19173	0.753752	0.0	0.0	0.0	0.0	0
256	run_59	59.297925	0	94	384816	1924080000	0	7.55424	4.60193	0.191624	0.751817	0.0	0.0	0.0	0.0	0
256	run_6	76.315398	0	94	384816	1924080000	0	7.45246	4.37776	0.191674	0.788387	0.0	0.0	0.0	0.0	0
256	run_60	59.958113	0	94	384816	1924080000	0	7.57658	4.61903	0.191979	0.757668	0.0	0.0	0.0	0.0	0
256	run_7	77.034928	0	94	384816	1924080000	0	7.50526	4.46366	0.190912	0.762609	0.0	0.0	0.0	0.0	0
256	run_8	82.932241	0	94	384816	1924080000	0	7.49788	4.46804	0.190948	0.747156	0.0	0.0	0.0	0.0	0
256	run_9	76.846487	0	94	384816	1924080000	0	7.45212	4.41475	0.190659	0.75612	0.0	0.0	0.0	0.0	0
