metric_id	workload_id	recomputed_value	frozen_value	absolute_difference	status	source
median_paired_speedup	c1_h19_chr21_chr22_fast_topk	38.320881591012	38.320881591012	0	match	paired_speedups.tsv
median_wall_reduction_fraction	c1_h19_chr21_chr22_fast_topk	0.973904566949	derived_independently	NA	derived	paired_speedups.tsv
median_paired_speedup	c4_h19_chr21_two_slot	1.143132059089	1.143132059089	0	match	paired_speedups.tsv
median_wall_reduction_fraction	c4_h19_chr21_two_slot	0.125210432120	derived_independently	NA	derived	paired_speedups.tsv
median_paired_speedup	c4_h19_chr22_two_slot	1.151204970412	1.151204970412	0	match	paired_speedups.tsv
median_wall_reduction_fraction	c4_h19_chr22_two_slot	0.131344959671	derived_independently	NA	derived	paired_speedups.tsv
median_paired_speedup	c5_archive_h19_2mb	1.324877034057	1.324877034057	0	match	paired_speedups.tsv
median_wall_reduction_fraction	c5_archive_h19_2mb	0.245212971246	derived_independently	NA	derived	paired_speedups.tsv
median_paired_speedup	c5_archive_large_synthetic	0.791882241736	0.791882241736	0	match	paired_speedups.tsv
median_wall_reduction_fraction	c5_archive_large_synthetic	-0.262814023722	derived_independently	NA	derived	paired_speedups.tsv
median_paired_speedup	c6_exact_h19_2mb	1.082711264994	1.082711264994	0	match	paired_speedups.tsv
median_wall_reduction_fraction	c6_exact_h19_2mb	0.076392725991	derived_independently	NA	derived	paired_speedups.tsv
median_paired_speedup	c6_exact_kcnq_segment_chr22	1.115307296835	1.115307296835	0	match	paired_speedups.tsv
median_wall_reduction_fraction	c6_exact_kcnq_segment_chr22	0.103386122517	derived_independently	NA	derived	paired_speedups.tsv
median_paired_speedup	c7_kcnq_max8_chr22	1.087369488066	1.087369488066	0	match	paired_speedups.tsv
median_wall_reduction_fraction	c7_kcnq_max8_chr22	0.080349401951	derived_independently	NA	derived	paired_speedups.tsv
median_paired_speedup	g01_malat1_5p_1024_chr11	11.924441779910	11.924441779910	0	match	paired_speedups.tsv
median_wall_reduction_fraction	g01_malat1_5p_1024_chr11	0.916138632025	derived_independently	NA	derived	paired_speedups.tsv
median_paired_speedup	g02_malat1_mid_2048_chr21	16.235977762376	16.235977762376	0	match	paired_speedups.tsv
median_wall_reduction_fraction	g02_malat1_mid_2048_chr21	0.938408390635	derived_independently	NA	derived	paired_speedups.tsv
median_paired_speedup	g03_malat1_3p_2812_chr22	17.420779318120	17.420779318120	0	match	paired_speedups.tsv
median_wall_reduction_fraction	g03_malat1_3p_2812_chr22	0.942597286738	derived_independently	NA	derived	paired_speedups.tsv
median_paired_speedup	g04_neat1_5p_2048_chr22	17.073502610320	17.073502610320	0	match	paired_speedups.tsv
median_wall_reduction_fraction	g04_neat1_5p_2048_chr22	0.941429709953	derived_independently	NA	derived	paired_speedups.tsv
median_paired_speedup	g05_neat1_mid_2812_chr11	17.721833539339	17.721833539339	0	match	paired_speedups.tsv
median_wall_reduction_fraction	g05_neat1_mid_2812_chr11	0.943572430145	derived_independently	NA	derived	paired_speedups.tsv
median_paired_speedup	g06_neat1_3p_1024_chr21	13.877246180637	13.877246180637	0	match	paired_speedups.tsv
median_wall_reduction_fraction	g06_neat1_3p_1024_chr21	0.927939593563	derived_independently	NA	derived	paired_speedups.tsv
median_paired_speedup	g07_kcnq1ot1_5p_2812_chr21	23.044488821291	23.044488821291	0	match	paired_speedups.tsv
median_wall_reduction_fraction	g07_kcnq1ot1_5p_2812_chr21	0.956605676622	derived_independently	NA	derived	paired_speedups.tsv
median_paired_speedup	g08_kcnq1ot1_mid_1024_chr22	13.975726928273	13.975726928273	0	match	paired_speedups.tsv
median_wall_reduction_fraction	g08_kcnq1ot1_mid_1024_chr22	0.928447371279	derived_independently	NA	derived	paired_speedups.tsv
median_paired_speedup	g09_kcnq1ot1_3p_2048_chr11	20.362261402927	20.362261402927	0	match	paired_speedups.tsv
median_wall_reduction_fraction	g09_kcnq1ot1_3p_2048_chr11	0.950889541185	derived_independently	NA	derived	paired_speedups.tsv
median_paired_speedup	g10_h19_full_chr11	19.893861332649	19.893861332649	0	match	paired_speedups.tsv
median_wall_reduction_fraction	g10_h19_full_chr11	0.949733237642	derived_independently	NA	derived	paired_speedups.tsv
median_paired_speedup	g11_h19_full_chr21	20.438586753735	20.438586753735	0	match	paired_speedups.tsv
median_wall_reduction_fraction	g11_h19_full_chr21	0.951072938063	derived_independently	NA	derived	paired_speedups.tsv
median_paired_speedup	g12_h19_full_chr22	20.366779856290	20.366779856290	0	match	paired_speedups.tsv
median_wall_reduction_fraction	g12_h19_full_chr22	0.950900436541	derived_independently	NA	derived	paired_speedups.tsv
median_paired_speedup	g13_meg3_full_chr11	15.528138681399	15.528138681399	0	match	paired_speedups.tsv
median_wall_reduction_fraction	g13_meg3_full_chr11	0.935600781232	derived_independently	NA	derived	paired_speedups.tsv
median_storage_reduction_ratio	c5_archive_h19_2mb	5.715078202053	5.715078202053	0	match	archive_first.tsv
median_exact_stage_speedup	c6_exact_h19_2mb	1.348059297533	1.348059297533	0	match	ablation_resource_pairs_pre_freeze.tsv
median_exact_stage_reduction_fraction	c6_exact_h19_2mb	0.258192868941	derived_independently	NA	derived	ablation_resource_pairs_pre_freeze.tsv
median_exact_stage_speedup	c6_exact_kcnq_segment_chr22	1.651693604941	1.651693604941	0	match	ablation_resource_pairs_pre_freeze.tsv
median_exact_stage_reduction_fraction	c6_exact_kcnq_segment_chr22	0.394560833191	derived_independently	NA	derived	ablation_resource_pairs_pre_freeze.tsv
table4_storage_reduction_ratio	c5_archive_h19_2mb	5.715078202053	5.715078000000	2.02052823361e-07	match	table4_ablation_resources.tsv
table4_exact_stage_speedup	c6_exact_h19_2mb	1.348059297533	1.348059000000	2.97533370386e-07	match	table4_ablation_resources.tsv
table4_exact_stage_speedup	c6_exact_kcnq_segment_chr22	1.651693604941	1.651694000000	3.95059016389e-07	match	table4_ablation_resources.tsv
