path	size_bytes	sha256
p1_large_h19_chr21_o01_profile_off/attempt.json	3365	79636f72383accf82620a3f75ada25d91c7ebf90099dee106feac3cf9efabd65
p1_large_h19_chr21_o01_profile_off/output/chr21-H19-chr21-TFOsorted	37430661	93dc934de798ed826128a3d9a0e0db92a02214c800ff29ce814a67dcd4630ee4
p1_large_h19_chr21_o01_profile_off/stderr.log	0	e3b0c44298fc1c149afbf4c8996fb92427ae41e4649b934ca495991b7852b855
p1_large_h19_chr21_o01_profile_off/stdout.log	36	6ae5fa5d56cd1d4d8c89b55e03396b4d0f028a546a42a414ef318f4db3b6128f
p1_large_h19_chr21_o01_profile_off/time.txt	0	e3b0c44298fc1c149afbf4c8996fb92427ae41e4649b934ca495991b7852b855
p1_medium_h19_chr22_2mb_o01_profile_off/attempt.json	3616	ccbc79c1b71476324a48b51cdccee5dfb85f07d81f88f4aabee0f4be79caed30
p1_medium_h19_chr22_2mb_o01_profile_off/output/chr22_slice_10m_12m-H19-fasim_gasal2_chr22_slice_10m_12m-TFOsorted	1837579	59533153318c771ea5787f39973f56b8646a9a3dfb582ea2978c6794c12072bf
p1_medium_h19_chr22_2mb_o01_profile_off/stderr.log	120901	c162e546553c1726985df6d09a325cb906b232fc81a6d5ff5d2b31b2ce7ef015
p1_medium_h19_chr22_2mb_o01_profile_off/stdout.log	78	53e987ace40421d39441dababf40165fe4405e3c1bf3c3dab91a706585ec4245
p1_medium_h19_chr22_2mb_o01_profile_off/time.txt	1115	5a310516a3da2eef36430701b93778b5c7bedff05c71a7671a43ae7ad3d29a1e
p1_medium_h19_chr22_2mb_o01_profile_on/attempt.json	4799	2781bc7d4ad10da03c6d4ed26ebaa438ceb2bf6a9ead30668aabe76847338082
p1_medium_h19_chr22_2mb_o01_profile_on/output/chr22_slice_10m_12m-H19-fasim_gasal2_chr22_slice_10m_12m-TFOsorted	1837579	59533153318c771ea5787f39973f56b8646a9a3dfb582ea2978c6794c12072bf
p1_medium_h19_chr22_2mb_o01_profile_on/stderr.log	122553	e3464bab835e13bdb70b535fa0c63a2e7815102833ae076f01880ca10ded9755
p1_medium_h19_chr22_2mb_o01_profile_on/stdout.log	78	d75264a97ee412af810c665f5ab0d01c362efb022df668601cd709ede5150f43
p1_medium_h19_chr22_2mb_o01_profile_on/time.txt	1114	2d01e9142287b7d34ae6e50769a16af8010e4dd2385ebfb319c1e69e042dd0f7
p1_medium_h19_chr22_2mb_o02_profile_off/attempt.json	3612	db445b24e84f5551db3b72458e8bbeed104c9ca59ea7a724c38201a4ae2b1249
p1_medium_h19_chr22_2mb_o02_profile_off/output/chr22_slice_10m_12m-H19-fasim_gasal2_chr22_slice_10m_12m-TFOsorted	1837579	59533153318c771ea5787f39973f56b8646a9a3dfb582ea2978c6794c12072bf
p1_medium_h19_chr22_2mb_o02_profile_off/stderr.log	120901	c162e546553c1726985df6d09a325cb906b232fc81a6d5ff5d2b31b2ce7ef015
p1_medium_h19_chr22_2mb_o02_profile_off/stdout.log	78	dba77a0922b2cda779a8b203efe934358687b0d82eca3379c9b854a9efcebb9c
p1_medium_h19_chr22_2mb_o02_profile_off/time.txt	1112	561acbd44afeaecbb1c6651b8a6cfd58675bf1757830a5f3261faaec78eff0c2
p1_medium_h19_chr22_2mb_o02_profile_on/attempt.json	4795	3be460fe17b907ee22ec3cd46cf75fd3f6c787bbc3cac65a5d34b5680f863213
p1_medium_h19_chr22_2mb_o02_profile_on/output/chr22_slice_10m_12m-H19-fasim_gasal2_chr22_slice_10m_12m-TFOsorted	1837579	59533153318c771ea5787f39973f56b8646a9a3dfb582ea2978c6794c12072bf
p1_medium_h19_chr22_2mb_o02_profile_on/stderr.log	122553	37d906333448cbb5d5542322900925f0e57f1373d06d6326e488e6cfbe8ddf62
p1_medium_h19_chr22_2mb_o02_profile_on/stdout.log	78	fa105cc6556301fb67ed0e225eae39b5cb7526dda080a9daa8ef2e99fb1e764c
p1_medium_h19_chr22_2mb_o02_profile_on/time.txt	1111	1a4d7e07195030afbac2671c46a7f4e30cdf7431fb1782aca8b053078a41c504
p1_medium_h19_chr22_2mb_o03_profile_off/attempt.json	3612	b7e02b700b6d89ed51409d186902dca4ccfee1b877a1aff51b949d2884c3d9c0
p1_medium_h19_chr22_2mb_o03_profile_off/output/chr22_slice_10m_12m-H19-fasim_gasal2_chr22_slice_10m_12m-TFOsorted	1837579	59533153318c771ea5787f39973f56b8646a9a3dfb582ea2978c6794c12072bf
p1_medium_h19_chr22_2mb_o03_profile_off/stderr.log	120901	c162e546553c1726985df6d09a325cb906b232fc81a6d5ff5d2b31b2ce7ef015
p1_medium_h19_chr22_2mb_o03_profile_off/stdout.log	78	25eb2d737a8c2e0c14d4c10bbe53d2c48c62026664a0309052afddaab59dd731
p1_medium_h19_chr22_2mb_o03_profile_off/time.txt	1112	91947ccb44e3a6fccf41fca4d2ad08330baa18d637528b0f2d40700a9a24ee5e
p1_medium_h19_chr22_2mb_o03_profile_on/attempt.json	4795	cb108719e8dd1c5b649a09170f87237ef9625699a34fef39894bc82754c33324
p1_medium_h19_chr22_2mb_o03_profile_on/output/chr22_slice_10m_12m-H19-fasim_gasal2_chr22_slice_10m_12m-TFOsorted	1837579	59533153318c771ea5787f39973f56b8646a9a3dfb582ea2978c6794c12072bf
p1_medium_h19_chr22_2mb_o03_profile_on/stderr.log	122553	df29391d66c597be93928db4a6210a6c3d1a829f9d4b0280b45d825c86973437
p1_medium_h19_chr22_2mb_o03_profile_on/stdout.log	78	3371a6751189bef83da38f38dace0c330a6716242a2544ce6444e0da8b2b9a90
p1_medium_h19_chr22_2mb_o03_profile_on/time.txt	1111	75a776129f1986ee2bd17bbd0f69bbb36f925d4599e1b48effc2f2ca58b2d340
p1_medium_h19_chr22_2mb_o04_profile_off/attempt.json	3612	e92c64b266727e076bb01dfb558e64ef36bc903b637fd9a2c963d35a39e4e1e1
p1_medium_h19_chr22_2mb_o04_profile_off/output/chr22_slice_10m_12m-H19-fasim_gasal2_chr22_slice_10m_12m-TFOsorted	1837579	59533153318c771ea5787f39973f56b8646a9a3dfb582ea2978c6794c12072bf
p1_medium_h19_chr22_2mb_o04_profile_off/stderr.log	120901	c162e546553c1726985df6d09a325cb906b232fc81a6d5ff5d2b31b2ce7ef015
p1_medium_h19_chr22_2mb_o04_profile_off/stdout.log	78	03b042ee0003431de430600e9063413e9fb1a8d0e3b8af70af90db1775623ddc
p1_medium_h19_chr22_2mb_o04_profile_off/time.txt	1112	9099b018c65ebfbb8e62c7b17014fad46edabca2ee8438a25ada7e9923507214
p1_medium_h19_chr22_2mb_o04_profile_on/attempt.json	4795	78286a31543ca31d083c5a9b6a1a570993c43d7ca3dd363291c56d1ec4054a8c
p1_medium_h19_chr22_2mb_o04_profile_on/output/chr22_slice_10m_12m-H19-fasim_gasal2_chr22_slice_10m_12m-TFOsorted	1837579	59533153318c771ea5787f39973f56b8646a9a3dfb582ea2978c6794c12072bf
p1_medium_h19_chr22_2mb_o04_profile_on/stderr.log	122553	69074717f33445dcc95e9199475c1fb3bb06c3acab628c851923f3f083609f2f
p1_medium_h19_chr22_2mb_o04_profile_on/stdout.log	78	18f4a9fd609524c8111971a006a7a86f09a02fd5b792ed97459eda6813a7b2a5
p1_medium_h19_chr22_2mb_o04_profile_on/time.txt	1111	6a222b565fbc4472a937138d9cab2dcda522eb0f62cf3278f0bd27f09b909ea8
p1_medium_h19_chr22_2mb_o05_profile_off/attempt.json	3613	7c4d94fb051a47d6eec90416f43ea3d82937d99d1f0c86f946efec1f02d8a9d9
p1_medium_h19_chr22_2mb_o05_profile_off/output/chr22_slice_10m_12m-H19-fasim_gasal2_chr22_slice_10m_12m-TFOsorted	1837579	59533153318c771ea5787f39973f56b8646a9a3dfb582ea2978c6794c12072bf
p1_medium_h19_chr22_2mb_o05_profile_off/stderr.log	120901	c162e546553c1726985df6d09a325cb906b232fc81a6d5ff5d2b31b2ce7ef015
p1_medium_h19_chr22_2mb_o05_profile_off/stdout.log	78	0aeac0c3f299da75e774c824009fae8eefe6055fd0b55cedbb2da5cb2a23de56
p1_medium_h19_chr22_2mb_o05_profile_off/time.txt	1112	9a5afbc6c0eedde80aedcb9945458e0bccae04a936c70a27c215dc33df40853f
p1_medium_h19_chr22_2mb_o05_profile_on/attempt.json	4795	c434950bde5bd30b70e5c371a5a255ad31277aa42638ce0f9d37fcf3cdadf139
p1_medium_h19_chr22_2mb_o05_profile_on/output/chr22_slice_10m_12m-H19-fasim_gasal2_chr22_slice_10m_12m-TFOsorted	1837579	59533153318c771ea5787f39973f56b8646a9a3dfb582ea2978c6794c12072bf
p1_medium_h19_chr22_2mb_o05_profile_on/stderr.log	122553	2fa2dd47a935234e1ceebb568b77953545e49a2e3ccfa0533ddef49ac8239f0a
p1_medium_h19_chr22_2mb_o05_profile_on/stdout.log	78	4e247ae227be5b1f1e7be94bfd0eb237062a546205045763eb0cca2b8978aab6
p1_medium_h19_chr22_2mb_o05_profile_on/time.txt	1111	33ab7743fb06d2732c0219601e0e480df5bd41b7027ab6eda6399e6822dce810
p1_overhead_aq001_at0001_o01_profile_off/attempt.json	3974	b1dbc199e0c26847dbcdbbb7fcd865721758d012dea4dea2e7c7b0baa3afe27c
p1_overhead_aq001_at0001_o01_profile_off/output/at0001-aq001|ENST00000725398.1|ENSG00000294716.1|ENSG00000294716|GENCODE v49|GRCh38|application_query-at0001-TFOsorted	183	d17f8f390e31fa0d37d1e2f20fcbbc9f4f0cc20c314147c4683ecd3b691d3b70
p1_overhead_aq001_at0001_o01_profile_off/stderr.log	120899	849b67698cb8b9574ba8fece70fc6a746f1fd90b8a650f68abdb6af738f985d1
p1_overhead_aq001_at0001_o01_profile_off/stdout.log	170	2e8a71d50bd7a63a0ef74f192bd7a343728b783429249d4b4aeb982369393192
p1_overhead_aq001_at0001_o01_profile_off/time.txt	1181	dd44f0f795bb42a625cc2f1d4bc0a8ce6aaedf7d95d0697eba6acb12e5f7488b
p1_overhead_aq001_at0001_o01_profile_on/attempt.json	5123	70fab1acb9f4bd2376641371ae2ca1985ce4265823556273430d0bf9a9b45727
p1_overhead_aq001_at0001_o01_profile_on/output/at0001-aq001|ENST00000725398.1|ENSG00000294716.1|ENSG00000294716|GENCODE v49|GRCh38|application_query-at0001-TFOsorted	183	d17f8f390e31fa0d37d1e2f20fcbbc9f4f0cc20c314147c4683ecd3b691d3b70
p1_overhead_aq001_at0001_o01_profile_on/stderr.log	122517	2127fff254d5e33f23d40ba40190bf17d0dd772e8168e888a07464b935eb055f
p1_overhead_aq001_at0001_o01_profile_on/stdout.log	170	4a2aa16220fc2456da9f97383d9e3d6d2dccf2a7f5532c8248a4cd394c468f8d
p1_overhead_aq001_at0001_o01_profile_on/time.txt	1180	a86e6c841eb591b49eed7e81a9a6e0148f6e71198062466582ab5214b8e76ef5
p1_overhead_aq001_at0001_o02_profile_off/attempt.json	3971	1b5a37c2d76714de2db249ea29cc1b4a25636bf132dc78a5767df1a191ea2e49
p1_overhead_aq001_at0001_o02_profile_off/output/at0001-aq001|ENST00000725398.1|ENSG00000294716.1|ENSG00000294716|GENCODE v49|GRCh38|application_query-at0001-TFOsorted	183	d17f8f390e31fa0d37d1e2f20fcbbc9f4f0cc20c314147c4683ecd3b691d3b70
p1_overhead_aq001_at0001_o02_profile_off/stderr.log	120899	849b67698cb8b9574ba8fece70fc6a746f1fd90b8a650f68abdb6af738f985d1
p1_overhead_aq001_at0001_o02_profile_off/stdout.log	170	e359eb1ea01e299be5ab81f05669137f8a1a97b684e322f55b63ed6469c7d62c
p1_overhead_aq001_at0001_o02_profile_off/time.txt	1181	a3d5b12d875afae45fd363482d6a7e0e3c3a5cd604b6c9326fe46c9ba1179950
p1_overhead_aq001_at0001_o02_profile_on/attempt.json	5120	f6af26c26ef34e4964dda03a6efa3c8175f0e39e815a0b202521edfa893f2582
p1_overhead_aq001_at0001_o02_profile_on/output/at0001-aq001|ENST00000725398.1|ENSG00000294716.1|ENSG00000294716|GENCODE v49|GRCh38|application_query-at0001-TFOsorted	183	d17f8f390e31fa0d37d1e2f20fcbbc9f4f0cc20c314147c4683ecd3b691d3b70
p1_overhead_aq001_at0001_o02_profile_on/stderr.log	122517	0359e61b87f51ad27bf8195eb700a9a0bcfcfa9d67c6568568d0487099366271
p1_overhead_aq001_at0001_o02_profile_on/stdout.log	170	066b7bfec101038a7f3ad0a2ebf97bf0342544b6b7b9fd3880be0fce9b0eb33b
p1_overhead_aq001_at0001_o02_profile_on/time.txt	1179	c8e0386f90a53a75d243591ee61c40a33579a2c56666ce37f3cd15921ee36e44
p1_overhead_aq001_at0001_o03_profile_off/attempt.json	3971	2e956eff5b9c18c524497e31782b113b9aeaeb08450a01f8c473362b0fa45522
p1_overhead_aq001_at0001_o03_profile_off/output/at0001-aq001|ENST00000725398.1|ENSG00000294716.1|ENSG00000294716|GENCODE v49|GRCh38|application_query-at0001-TFOsorted	183	d17f8f390e31fa0d37d1e2f20fcbbc9f4f0cc20c314147c4683ecd3b691d3b70
p1_overhead_aq001_at0001_o03_profile_off/stderr.log	120899	849b67698cb8b9574ba8fece70fc6a746f1fd90b8a650f68abdb6af738f985d1
p1_overhead_aq001_at0001_o03_profile_off/stdout.log	170	9f8594b624ccf272b73ef6b56e0d3be4c3b5635a72257e58cc4bb3909aeffe4b
p1_overhead_aq001_at0001_o03_profile_off/time.txt	1180	52dc8f42a7b85e912d0ecb9c0e3be05ec2e38da135c247ce85224edecd656484
p1_overhead_aq001_at0001_o03_profile_on/attempt.json	5120	8c494c5c5dc594895e9391c023684a11ea0fc14d7451e094a6813079b8ab26f1
p1_overhead_aq001_at0001_o03_profile_on/output/at0001-aq001|ENST00000725398.1|ENSG00000294716.1|ENSG00000294716|GENCODE v49|GRCh38|application_query-at0001-TFOsorted	183	d17f8f390e31fa0d37d1e2f20fcbbc9f4f0cc20c314147c4683ecd3b691d3b70
p1_overhead_aq001_at0001_o03_profile_on/stderr.log	122517	796205884092962a9839b8b26d7208e92ab584fc239d033162898626be556d00
p1_overhead_aq001_at0001_o03_profile_on/stdout.log	170	bc97f58cbddb75e55efcacf1a8b8307056cc9aa3d69dd218e9477edc2ea49ead
p1_overhead_aq001_at0001_o03_profile_on/time.txt	1179	dde6f570f00d87477f52683420b80f82e0c79e051cb5ae36e5fd2ea8debe904c
p1_overhead_aq001_at0001_o04_profile_off/attempt.json	3971	ddfb12d127d90efe19a19e5f0d7c1bb421a5185b0fed4a328bd6b6552f8542d2
p1_overhead_aq001_at0001_o04_profile_off/output/at0001-aq001|ENST00000725398.1|ENSG00000294716.1|ENSG00000294716|GENCODE v49|GRCh38|application_query-at0001-TFOsorted	183	d17f8f390e31fa0d37d1e2f20fcbbc9f4f0cc20c314147c4683ecd3b691d3b70
p1_overhead_aq001_at0001_o04_profile_off/stderr.log	120899	849b67698cb8b9574ba8fece70fc6a746f1fd90b8a650f68abdb6af738f985d1
p1_overhead_aq001_at0001_o04_profile_off/stdout.log	170	3e647f6c98332c299d235a3f33dfad65e84259f1b2de46279d7f37bbcbc1b755
p1_overhead_aq001_at0001_o04_profile_off/time.txt	1181	3464d6bffd8ebf92fe7733d120d088613db445b93f74796b3b23ff93eef3d7ad
p1_overhead_aq001_at0001_o04_profile_on/attempt.json	5120	a67e727824bd34692df1b88b2c993dcc99acb824dcb2f7d9c5445235db0612af
p1_overhead_aq001_at0001_o04_profile_on/output/at0001-aq001|ENST00000725398.1|ENSG00000294716.1|ENSG00000294716|GENCODE v49|GRCh38|application_query-at0001-TFOsorted	183	d17f8f390e31fa0d37d1e2f20fcbbc9f4f0cc20c314147c4683ecd3b691d3b70
p1_overhead_aq001_at0001_o04_profile_on/stderr.log	122517	53d426d56c98588fd27304cac86fbf8622f6559efc18b180c35ddd0c491c8d67
p1_overhead_aq001_at0001_o04_profile_on/stdout.log	170	d15476857ea758c5c469bbb6ff5ef5c0c347d30271cf3812d8a97c08129fca9a
p1_overhead_aq001_at0001_o04_profile_on/time.txt	1179	dc2f1e25b1b23a0b891c5b1fd2b9cccd34ea8db823b7b936e0c16aa99c51d1ed
p1_overhead_aq001_at0001_o05_profile_off/attempt.json	3971	8459e0bfc44542fd31471eb983847a232146868c6499f9f14abcc2ec1134956e
p1_overhead_aq001_at0001_o05_profile_off/output/at0001-aq001|ENST00000725398.1|ENSG00000294716.1|ENSG00000294716|GENCODE v49|GRCh38|application_query-at0001-TFOsorted	183	d17f8f390e31fa0d37d1e2f20fcbbc9f4f0cc20c314147c4683ecd3b691d3b70
p1_overhead_aq001_at0001_o05_profile_off/stderr.log	120899	849b67698cb8b9574ba8fece70fc6a746f1fd90b8a650f68abdb6af738f985d1
p1_overhead_aq001_at0001_o05_profile_off/stdout.log	170	2983f2b6ab007672861a49c613c0d0811bb9198a57ffe02347187edfdf17a2c6
p1_overhead_aq001_at0001_o05_profile_off/time.txt	1180	f1ebf3abd6454f25011ef475dc040246c203065308743b6b7c0c1d83d7f86a35
p1_overhead_aq001_at0001_o05_profile_on/attempt.json	5121	30dfcd5a79e369c65636bf0352d7f7dea6a61bf6ceb86d8622c402aeb73c7501
p1_overhead_aq001_at0001_o05_profile_on/output/at0001-aq001|ENST00000725398.1|ENSG00000294716.1|ENSG00000294716|GENCODE v49|GRCh38|application_query-at0001-TFOsorted	183	d17f8f390e31fa0d37d1e2f20fcbbc9f4f0cc20c314147c4683ecd3b691d3b70
p1_overhead_aq001_at0001_o05_profile_on/stderr.log	122517	187306268d887c2ecadbac2fd59e837a653aaaa533491f1c67db041c1a06a0dd
p1_overhead_aq001_at0001_o05_profile_on/stdout.log	170	a68b5cd8c844384f25fb8b6a717892e736ffcf6449b8cf59ce130abd332239af
p1_overhead_aq001_at0001_o05_profile_on/time.txt	1179	ab378452c7f263029f490c471dfdaaa781a6012fe66a5b7c6a85665fe02c7805
