path	frozen_at_commit	git_blob_sha1	blob_sha256	size_bytes	evidence_role	live_path_mutable	frozen_blob_mutable
Makefile	2658a98fea8f34bd295892e6236607060e2f2803	6c32622558da91691b3d268296dd8e7037405c52	034dc1dc400b4aae8b6a152ca13c7f23e06925ae06c02b02250efea65fdd273a	249027	historical_repository_context	1	0
README.md	2658a98fea8f34bd295892e6236607060e2f2803	0aa4cbbba6e62a7e07a622c39e71ce6566703421	79e00af7c7481adec285715f99a6a846ab796111ae56d5cd2d546ae2a6c19c02	8038	historical_repository_context	1	0
goal.md	2658a98fea8f34bd295892e6236607060e2f2803	d8e1742f41b6e02d038172804c956d8f20964999	8489d7a4e37c9a2d4bdee78fcee40158230c513bfc6adcea9993abd7b8c71509	45511	historical_protocol_state	1	0
goal-final.md	2658a98fea8f34bd295892e6236607060e2f2803	524e0c0f13a31aae43482b0ac2ba758046d020ca	3b2a54c2ca1eaf8af4b516c5bbc817764d45ad6335db8d45a0217029b01cfbd0	53196	historical_protocol_state	1	0
goal-bioinformatics.md	2658a98fea8f34bd295892e6236607060e2f2803	6e4c7403a1d518c5ec2279b072e2c857152e67ef	06959a7e9550ec6ca367d7dd29ec76bcb331495e122e814e2f246e9c998fc0a2	61651	historical_protocol_state	1	0
goal-ssw.md	2658a98fea8f34bd295892e6236607060e2f2803	d46ba558a1485a6ed4f993b73a4c07d56ae2310b	cdc1823657277eb61c9605603a4f1e5bb4f129a04159647a86575edef6682e5c	50981	historical_protocol_state	1	0
paper/PAPER_PREP_STATUS.md	2658a98fea8f34bd295892e6236607060e2f2803	accfb271a6d1d79b4f6fdf91e36ae469619911f4	37331c6d8eb989fb11122ca7bf77aa64aa9ddbeffb1213ec2406705cbec9b0c0	4578	historical_paper_claim_boundary	1	0
paper/scope_and_claims.md	2658a98fea8f34bd295892e6236607060e2f2803	33f9b701c2365428fa397dbca61433412705f0fd	50e8d353e7a82ba3852c7a19ea5075223a2b643be4737756b48b7031f74adafc	5423	historical_paper_claim_boundary	1	0
paper/generalization_report.md	2658a98fea8f34bd295892e6236607060e2f2803	f5fede47f43c2f635321e386d41c9c66a2d2d7e0	5d4d0c782ab994e091b4f8860bfd553210fb76657eea2f6befc94a547c5e8e04	4786	historical_paper_claim_boundary	1	0
paper/bioinformatics/README.md	2658a98fea8f34bd295892e6236607060e2f2803	9f8c5a2fcfd7720ec5b8d1ff570f6ce75a9bd91b	c84a6f24857556c87d40bc569857e3f45ff22fda377444092e2fa162eb4daca8	5395	bioinformatics_historical_evidence	1	0
paper/bioinformatics/phase2_decision.md	2658a98fea8f34bd295892e6236607060e2f2803	c245466d71a1d15ebc514b2d164adf3263b2d505	44167694cc44b6e0b46cae598f4b90451806ba7ef902eebdf9858076a859b9b6	2044	bioinformatics_historical_evidence	1	0
paper/bioinformatics/holdout_mismatch_details.tsv	2658a98fea8f34bd295892e6236607060e2f2803	18545b63d5e5896c7c858fa93fe720b41fd73815	cdc6f8a9c8b01fbac11f658d8362c4c5effa24a7764c535e53aa2ec84ab1a951	7896	bioinformatics_historical_evidence	1	0
paper/bioinformatics/canonical_hybrid_v2_regression_decision.md	2658a98fea8f34bd295892e6236607060e2f2803	a4294e0c36c805a8c33a4eadc065f4baac830538	193eca076f0bd22aa5317a0b09717133d67355cf2f4a04cc06317289e58d7862	3103	canonical_hybrid_v2_historical_decision	1	0
paper/bioinformatics/canonical_hybrid_v2_holdout_decision.md	2658a98fea8f34bd295892e6236607060e2f2803	f62283df28680991f7f6a5e126e8401cee9bd028	3adb58bc896eb3e3f1ea83c7a44f42e6ed757a6a1fb113c359e40890477c50b9	2043	canonical_hybrid_v2_historical_decision	1	0
paper/bioinformatics/canonical_hybrid_v2_performance_decision.md	2658a98fea8f34bd295892e6236607060e2f2803	bdf58f4c41a04a1eb3860a174c157a555de8ce21	71edaabd0339352df0ca7bd648f33787071d4d2c1097ea09d00aa5572f9999d1	1976	canonical_hybrid_v2_historical_decision	1	0
paper/bioinformatics/application_selection.json	2658a98fea8f34bd295892e6236607060e2f2803	1db3071de417c02c347e15e66bb4afbb10183c00	de7248b64bd534367204ad436e7911e1047702df23de84f0f41e347e5c7699f5	316390	bioinformatics_historical_evidence	1	0
paper/ssw_cuda/PROGRAM_STATE.json	2658a98fea8f34bd295892e6236607060e2f2803	c013f92b6a32a5719b3f3234b4c2d14bcf1e1cec	ebc0217041dd71096ddb05024949449c5aff421edb0a557d5158886dfeefe1ee	1896	exact_ssw_cuda_historical_boundary	1	0
paper/ssw_cuda/STATUS.md	2658a98fea8f34bd295892e6236607060e2f2803	541ca7f3bb3e98744a722b810f606ec744af681b	6ec372c92051b4b5bd49d1c55b01b3160e8360bc2f340217b86e3fa3de1f4fdb	11934	exact_ssw_cuda_historical_boundary	1	0
paper/ssw_cuda/final_decision.json	2658a98fea8f34bd295892e6236607060e2f2803	7fb6f7c893c887fcf6356caead4440e5180c6bac	24f927be0d5d12ed14c57dc0d244c6c3136277f6d42c986175c1563d22d0de14	2240	exact_ssw_cuda_historical_boundary	1	0
paper/ssw_cuda/used_input_exclusion_registry.tsv	2658a98fea8f34bd295892e6236607060e2f2803	7a885666318fe3bc35b40ca6b706f28e886c8ed3	6f10f684192d0f5cffa46d2c2e3c987cb7f4590e51ea61381e899695079d6762	41698	exact_ssw_cuda_historical_boundary	1	0
paper/ssw_cuda/corpus_manifest.tsv	2658a98fea8f34bd295892e6236607060e2f2803	8c53339053d0a8763ba5b31753ee76316b18183c	901e571c75b3a07d5adb293a6935e40f8689124c0b7e0ce8ef4b02709fc68cc5	418550	exact_ssw_cuda_historical_boundary	1	0
scripts/compare_fasim_lite_offline_cluster_topk.py	2658a98fea8f34bd295892e6236607060e2f2803	66cf97e9a15181bf1f36a60e6ab708880fad2c8e	2765d76b6c8e742596b1072a413309a88ef415f3576c9de62be67213ee76dc80	7410	historical_implementation_semantics	1	0
scripts/compare_fasim_segmented_contract.py	2658a98fea8f34bd295892e6236607060e2f2803	b672cc7e2d6898f4e4c9797f5e93c116bdb2e614	6a589d7960a69be7c84a410f1bbd9d3ea34de929f8f04943d9c7ae033d682eda	9852	historical_implementation_semantics	1	0
scripts/fasim_tfo_archive.py	2658a98fea8f34bd295892e6236607060e2f2803	7db8c5d056db565e228d8af77449b81dbc5d2a78	3fb42809c4f31b31ec05bcaf9d3249f4059a910164a6ca33d5a789fb0efab856	15946	historical_implementation_semantics	1	0
reproduce/ssw_cuda/freeze_phase0.py	2658a98fea8f34bd295892e6236607060e2f2803	de538abf6a54de0720f107af5e378a54eadd7df9	82c3de51974bdb63534872217d58644ed27a03dcf90e3d05032f6962c1b492e4	40973	historical_implementation_semantics	1	0
fasim/fastsim.h	2658a98fea8f34bd295892e6236607060e2f2803	3117df9aff9bf3e61b0ecfebfc8d73fda4bbd4e7	d476be2c23e2db46523281f6b95fb6cad856ac78ea528b6ad4329dfd06a607eb	118086	historical_implementation_semantics	1	0
fasim/Fasim-LongTarget.cpp	2658a98fea8f34bd295892e6236607060e2f2803	e8a9b732766168cbce760c5e8b559102299aa493	5f0baa62e537df2a78a71f38d1f70cac54092819446502dde3ea93ea87a0276a	1132300	historical_implementation_semantics	1	0
